-- MySQL dump 10.14  Distrib 5.5.50-MariaDB, for Linux (x86_64)
--
-- Host: localhost    Database: FileInv
-- ------------------------------------------------------
-- Server version	5.5.50-MariaDB

/*!40101 SET @OLD_CHARACTER_SET_CLIENT=@@CHARACTER_SET_CLIENT */;
/*!40101 SET @OLD_CHARACTER_SET_RESULTS=@@CHARACTER_SET_RESULTS */;
/*!40101 SET @OLD_COLLATION_CONNECTION=@@COLLATION_CONNECTION */;
/*!40101 SET NAMES utf8 */;
/*!40103 SET @OLD_TIME_ZONE=@@TIME_ZONE */;
/*!40103 SET TIME_ZONE='+00:00' */;
/*!40014 SET @OLD_UNIQUE_CHECKS=@@UNIQUE_CHECKS, UNIQUE_CHECKS=0 */;
/*!40014 SET @OLD_FOREIGN_KEY_CHECKS=@@FOREIGN_KEY_CHECKS, FOREIGN_KEY_CHECKS=0 */;
/*!40101 SET @OLD_SQL_MODE=@@SQL_MODE, SQL_MODE='NO_AUTO_VALUE_ON_ZERO' */;
/*!40111 SET @OLD_SQL_NOTES=@@SQL_NOTES, SQL_NOTES=0 */;

--
-- Table structure for table `DirEntry`
--

DROP TABLE IF EXISTS `DirEntry`;
/*!40101 SET @saved_cs_client     = @@character_set_client */;
/*!40101 SET character_set_client = utf8 */;
CREATE TABLE `DirEntry` (
  `DirId` int(11) NOT NULL AUTO_INCREMENT,
  `VolId` int(11) DEFAULT NULL,
  `Path` varchar(255) DEFAULT NULL,
  `KbSize` int(11) DEFAULT NULL,
  PRIMARY KEY (`DirId`),
  KEY `VolId` (`VolId`),
  CONSTRAINT `DirEntry_ibfk_1` FOREIGN KEY (`VolId`) REFERENCES `Volume` (`VolId`)
) ENGINE=InnoDB AUTO_INCREMENT=378 DEFAULT CHARSET=latin1;
/*!40101 SET character_set_client = @saved_cs_client */;

--
-- Dumping data for table `DirEntry`
--

LOCK TABLES `DirEntry` WRITE;
/*!40000 ALTER TABLE `DirEntry` DISABLE KEYS */;
INSERT INTO `DirEntry` VALUES (1,1,'/cygdrive/h',4643011),(2,1,'/cygdrive/h/System Volume Information',0),(3,1,'/cygdrive/h/vmware',780275),(4,1,'/cygdrive/h/linux',704847),(5,1,'/cygdrive/h/org',1074),(6,1,'/cygdrive/h/org/PLog',74218),(7,1,'/cygdrive/h/org/PLog/log',51410),(8,1,'/cygdrive/h/org/PTracer',7001),(9,1,'/cygdrive/h/tmp',8414),(10,1,'/cygdrive/h/tmp/1115',4247),(11,1,'/cygdrive/h/tmp/SQL',3477),(12,2,'/cygdrive/i',5945),(13,2,'/cygdrive/i/System Volume Information',0),(14,2,'/cygdrive/i/bk',1289),(15,2,'/cygdrive/i/bk/Microsoft Windows XP Professional SP3 x86 Royale',696),(16,2,'/cygdrive/i/bk/Microsoft Windows XP Professional SP3 x86 Royale/Images',2478),(17,2,'/cygdrive/i/bk/Seagate2G',235),(18,2,'/cygdrive/i/bk/CEGEP1021',4764),(19,2,'/cygdrive/i/bk/CEGEP1021/cisco',177),(20,2,'/cygdrive/i/bk/CEGEP1021/cisco/lab',70),(21,2,'/cygdrive/i/bk/CEGEP1021/cisco/cours',1),(22,2,'/cygdrive/i/bk/CEGEP1021/cisco/cours/cours0929',0),(23,2,'/cygdrive/i/bk/CEGEP1021/cisco/cours/cours1',6),(24,2,'/cygdrive/i/bk/CEGEP1021/cisco/cours/Cours_5_chapitre_3MustNonNote',0),(25,2,'/cygdrive/i/bk/CEGEP1021/cisco/cours/Cours_5_chapitre_3MustNonNote/Cours 5_chapitre 3',3489),(26,2,'/cygdrive/i/bk/CEGEP1021/cisco/cours/Cours_5_chapitre_3MustNonNote/Cours 5_chapitre 3/Lab_PT_étudiant_non_notés',314),(27,2,'/cygdrive/i/bk/CEGEP1021/cisco/cours/cours6_chapitre4_access_reseau',5),(28,2,'/cygdrive/i/bk/CEGEP1021/cisco/cours/cours6_chapitre4_access_reseau/LAb_PT_étudiant',1),(29,2,'/cygdrive/i/bk/CEGEP1021/cisco/HW',28),(30,2,'/cygdrive/i/bk/CEGEP1021/cisco/cw',3),(31,2,'/cygdrive/i/bk/CEGEP1021/cisco/Ex',273),(32,2,'/cygdrive/i/bk/CEGEP1021/cisco/PTracer',2),(33,2,'/cygdrive/i/bk/CEGEP1021/cisco/PTracer/extensions',9278),(34,2,'/cygdrive/i/bk/CEGEP1021/cisco/PTracer/saves',557),(35,2,'/cygdrive/i/bk/CEGEP1021/cisco/PTracer/templates',18675),(36,2,'/cygdrive/i/bk/CEGEP1021/4208A1',362),(37,2,'/cygdrive/i/bk/CEGEP1021/Prog',201784),(38,2,'/cygdrive/i/bk/CEGEP1021/Prog/DixEx1',853768),(39,2,'/cygdrive/i/bk/CEGEP1021/Prog/DixEx1/DixProblemes-master',146854),(40,2,'/cygdrive/i/bk/CEGEP1021/Prog/.idea',99337),(41,2,'/cygdrive/i/bk/CEGEP1021/Prog/TP1012',185033),(42,2,'/cygdrive/i/bk/CEGEP1021/Prog/tmp',15001),(43,2,'/cygdrive/i/bk/CEGEP1021/Prog/Ex2',6141),(44,2,'/cygdrive/i/bk/CEGEP1021/Linux',1487),(45,2,'/cygdrive/i/bk/CEGEP1021/Linux/TP1',0),(46,2,'/cygdrive/i/bk/CEGEP1021/4208A8',53),(47,2,'/cygdrive/i/bk/CEGEP1021/admin',59925),(48,2,'/cygdrive/i/Edu',396),(49,2,'/cygdrive/i/Edu/CNEdu',18530),(50,2,'/cygdrive/i/Edu/CNEdu/Chinese E books',664),(51,2,'/cygdrive/i/Edu/CNEdu/Chinese E books/Hanzi and Kanji',836),(52,2,'/cygdrive/i/Edu/CNEdu/Chinese E books/Pimlseur Chinese Transcripts',34081),(53,2,'/cygdrive/i/Edu/CNEdu/Chinese E books/Taiwan Vocab Lists',0),(54,2,'/cygdrive/i/Edu/CNEdu/Dat',0),(55,2,'/cygdrive/i/Edu/CNEdu/Dat/Chn',194),(56,2,'/cygdrive/i/Edu/CNEdu/The Wonderful Wizard of Oz (Chinese Language Edition)',816),(57,2,'/cygdrive/i/Edu/CEGEP',257),(58,2,'/cygdrive/i/Edu/CEGEP/4208A1',484),(59,2,'/cygdrive/i/Edu/CEGEP/4208A1/work',249),(60,2,'/cygdrive/i/Edu/CEGEP/4208A8',235),(61,2,'/cygdrive/i/Edu/CEGEP/4208A8/vhshared',0),(62,2,'/cygdrive/i/Edu/CEGEP/4208A8/slworkLab3',0),(63,2,'/cygdrive/i/Edu/CEGEP/4208A8/slworkLab3/workRouter',577),(64,2,'/cygdrive/i/Edu/CEGEP/4208A8/slworkLab3/workWin7',0),(65,2,'/cygdrive/i/Edu/CEGEP/4208A8/slworkLab3/workWin8',5701),(66,2,'/cygdrive/i/Edu/CEGEP/4208A8/workWin8',0),(67,2,'/cygdrive/i/Edu/CEGEP/4208A8/Lab2',39),(68,2,'/cygdrive/i/Edu/CEGEP/4208A8/Lab2/work1126',0),(69,2,'/cygdrive/i/Edu/CEGEP/4208A8/Lab2/work1127',187),(70,2,'/cygdrive/i/Edu/CEGEP/4208A8/Lab2/work1127/Pictures',3407),(71,2,'/cygdrive/i/Edu/CEGEP/4208A8/Lab2/work1127/Pictures/Pictures',19508),(72,2,'/cygdrive/i/Edu/CEGEP/4208A8/Lab2/work1127/Pictures/Pictures (2)',1953),(73,2,'/cygdrive/i/Edu/CEGEP/4208A8/Lab2/work1127/Pictures/Pictures (2)/Sample Pictures',937),(74,2,'/cygdrive/i/Edu/CEGEP/4208A8/Lab2/work1127/Documents',1948),(75,2,'/cygdrive/i/Edu/CEGEP/4208A8/Lab2/work1127/Documents/Documents',608),(76,2,'/cygdrive/i/Edu/CEGEP/4208A8/Lab2/work1127/Documents/Documents (2)',3477),(77,2,'/cygdrive/i/Edu/CEGEP/admin',5945),(78,2,'/cygdrive/i/Edu/CEGEP/cisco1',2659),(79,2,'/cygdrive/i/Edu/CEGEP/cisco1/cours',286),(80,2,'/cygdrive/i/Edu/CEGEP/cisco1/cours/cours 10_couche reseau',2478),(81,2,'/cygdrive/i/Edu/CEGEP/cisco1/cours/cours 10_couche reseau/lab_étudiant',235),(82,2,'/cygdrive/i/Edu/CEGEP/cisco1/cours/Cours 7',0),(83,2,'/cygdrive/i/Edu/CEGEP/cisco1/cours/Cours 7/LAB_étudiants_non_notés_suggérée par le prof',1289),(84,2,'/cygdrive/i/Edu/CEGEP/cisco1/cours/cours0929',696),(85,2,'/cygdrive/i/Edu/CEGEP/cisco1/cours/cours1',1829),(86,2,'/cygdrive/i/Edu/CEGEP/cisco1/cours/cours11_chapitre7_Adressage_IP',1960),(87,2,'/cygdrive/i/Edu/CEGEP/cisco1/cours/cours11_chapitre7_Adressage_IP/lab_suggérés',177),(88,2,'/cygdrive/i/Edu/CEGEP/cisco1/cours/cours11_chapitre7_Adressage_IP/lab_suggérés',214),(89,2,'/cygdrive/i/Edu/CEGEP/cisco1/cours/cours11_chapitre7_Adressage_IP/lab_suggérés',4764),(90,2,'/cygdrive/i/Edu/CEGEP/cisco1/cours/cours11_chapitre7_Adressage_IP/lab_suggérés',3041),(91,2,'/cygdrive/i/Edu/CEGEP/cisco1/cours/cours11_chapitre7_Adressage_IP/lab_suggérés',10106),(92,2,'/cygdrive/i/Edu/CEGEP/cisco1/cours/cours6_chapitre4_access_reseau',1266),(93,2,'/cygdrive/i/Edu/CEGEP/cisco1/cours/cours6_chapitre4_access_reseau/LAb_PT_étudiant',746),(94,2,'/cygdrive/i/Edu/CEGEP/cisco1/cours/Cours_5_chapitre_3MustNonNote',0),(95,2,'/cygdrive/i/Edu/CEGEP/cisco1/cours/Cours_5_chapitre_3MustNonNote/Cours 5_chapitre 3',6454),(96,2,'/cygdrive/i/Edu/CEGEP/cisco1/cours/Cours_5_chapitre_3MustNonNote/Cours 5_chapitre 3/Lab_PT_étudiant_non_notés',2110),(97,2,'/cygdrive/i/Edu/CEGEP/cisco1/cours/cours_12_chapitre8_lab_étudiants',791),(98,2,'/cygdrive/i/Edu/CEGEP/cisco1/cours/cours_13_chapitre_9_couche_transport',207),(99,2,'/cygdrive/i/Edu/CEGEP/cisco1/cw',0),(100,2,'/cygdrive/i/Edu/CEGEP/cisco1/Ex',789),(101,2,'/cygdrive/i/Edu/CEGEP/cisco1/HW',1),(102,2,'/cygdrive/i/Edu/CEGEP/cisco1/lab',0),(103,2,'/cygdrive/i/Edu/CEGEP/cisco1/lab/done',129),(104,2,'/cygdrive/i/Edu/CEGEP/cisco1/lab/done/2_3_3_4',0),(105,2,'/cygdrive/i/Edu/CEGEP/cisco1/lab/done/2_3_3_5',1029),(106,2,'/cygdrive/i/Edu/CEGEP/cisco1/lab/done/Chapitre_2_et_laboratoires',44721),(107,2,'/cygdrive/i/Edu/CEGEP/cisco1/lab/done/Chapitre_2_et_laboratoires/Chapitre 2 et laboratoires',40760),(108,2,'/cygdrive/i/Edu/CEGEP/cisco1/lab/done/Lab3_3_3_4',10),(109,2,'/cygdrive/i/Edu/CEGEP/cisco1/lab/done/Lab4_2_4_6',21027),(110,2,'/cygdrive/i/Edu/CEGEP/cisco1/lab/done/Lab5_1_3_6',557),(111,2,'/cygdrive/i/Edu/CEGEP/cisco1/lab/done/Lab5_1_4_3',238),(112,2,'/cygdrive/i/Edu/CEGEP/cisco1/lab/Lab5_2_1_8',1),(113,2,'/cygdrive/i/Edu/CEGEP/cisco1/PTracer',1291),(114,2,'/cygdrive/i/Edu/CEGEP/cisco1/PTracer/extensions',7),(115,2,'/cygdrive/i/Edu/CEGEP/cisco1/PTracer/saves',1),(116,2,'/cygdrive/i/Edu/CEGEP/cisco1/PTracer/templates',2),(117,2,'/cygdrive/i/Edu/CEGEP/cisco1/tmp',35),(118,2,'/cygdrive/i/Edu/CEGEP/cisco1/lab/done',2),(119,2,'/cygdrive/i/Edu/CEGEP/cisco1/lab/done/2_3_3_4',14),(120,2,'/cygdrive/i/Edu/CEGEP/cisco1/lab/done/2_3_3_5',0),(121,2,'/cygdrive/i/Edu/CEGEP/cisco1/lab/done/Chapitre_2_et_laboratoires',1),(122,2,'/cygdrive/i/Edu/CEGEP/cisco1/lab/done/Chapitre_2_et_laboratoires/Chapitre 2 et laboratoires',0),(123,2,'/cygdrive/i/Edu/CEGEP/cisco1/lab/done/Lab3_3_3_4',1),(124,2,'/cygdrive/i/Edu/CEGEP/cisco1/lab/done/Lab4_2_4_6',0),(125,2,'/cygdrive/i/Edu/CEGEP/cisco1/lab/done/Lab5_1_3_6',1),(126,2,'/cygdrive/i/Edu/CEGEP/cisco1/lab/done/Lab5_1_4_3',0),(127,2,'/cygdrive/i/Edu/CEGEP/cisco1/lab/Lab5_2_1_8',0),(128,2,'/cygdrive/i/Edu/CEGEP/cisco1/PTracer',17),(129,2,'/cygdrive/i/Edu/CEGEP/cisco1/PTracer/extensions',0),(130,2,'/cygdrive/i/Edu/CEGEP/cisco1/PTracer/saves',0),(131,2,'/cygdrive/i/Edu/CEGEP/cisco1/PTracer/templates',0),(132,2,'/cygdrive/i/Edu/CEGEP/cisco1/tmp',0),(133,2,'/cygdrive/i/Edu/CEGEP/Doc',0),(134,2,'/cygdrive/i/Edu/CEGEP/Doc/Powershell',1),(135,2,'/cygdrive/i/Edu/CEGEP/Doc/GRUB Menu Configuration File_fichiers',0),(136,2,'/cygdrive/i/Edu/CEGEP/Linux1',0),(137,2,'/cygdrive/i/Edu/CEGEP/Linux1/TP1',0),(138,2,'/cygdrive/i/Edu/CEGEP/Linux1/TP2',0),(139,2,'/cygdrive/i/Edu/CEGEP/Linux1/TP2/bin',32),(140,2,'/cygdrive/i/Edu/CEGEP/ProgServeur',0),(141,2,'/cygdrive/i/Edu/CEGEP/ProgServeur/DixEx1',0),(142,2,'/cygdrive/i/Edu/CEGEP/ProgServeur/DixEx1/DixProblemes-master',0),(143,2,'/cygdrive/i/Edu/CEGEP/ProgServeur/Ex2',0),(144,2,'/cygdrive/i/Edu/CEGEP/ProgServeur/jsdev',0),(145,2,'/cygdrive/i/Edu/CEGEP/ProgServeur/jsdev/.git',0),(146,2,'/cygdrive/i/Edu/CEGEP/ProgServeur/jsdev/.git/hooks',0),(147,2,'/cygdrive/i/Edu/CEGEP/ProgServeur/jsdev/.git/info',0),(148,2,'/cygdrive/i/Edu/CEGEP/ProgServeur/jsdev/.git/logs',0),(149,2,'/cygdrive/i/Edu/CEGEP/ProgServeur/jsdev/.git/logs/refs',0),(150,2,'/cygdrive/i/Edu/CEGEP/ProgServeur/jsdev/.git/logs/refs/heads',0),(151,2,'/cygdrive/i/Edu/CEGEP/ProgServeur/jsdev/.git/logs/refs/remotes',0),(152,2,'/cygdrive/i/Edu/CEGEP/ProgServeur/jsdev/.git/logs/refs/remotes/origin',0),(153,2,'/cygdrive/i/Edu/CEGEP/ProgServeur/jsdev/.git/objects',0),(154,2,'/cygdrive/i/Edu/CEGEP/ProgServeur/jsdev/.git/objects/03',0),(155,2,'/cygdrive/i/Edu/CEGEP/ProgServeur/jsdev/.git/objects/07',0),(156,2,'/cygdrive/i/Edu/CEGEP/ProgServeur/jsdev/.git/objects/0b',0),(157,2,'/cygdrive/i/Edu/CEGEP/ProgServeur/jsdev/.git/objects/0e',0),(158,2,'/cygdrive/i/Edu/CEGEP/ProgServeur/jsdev/.git/objects/11',0),(159,2,'/cygdrive/i/Edu/CEGEP/ProgServeur/jsdev/.git/objects/24',1),(160,2,'/cygdrive/i/Edu/CEGEP/ProgServeur/jsdev/.git/objects/25',0),(161,2,'/cygdrive/i/Edu/CEGEP/ProgServeur/jsdev/.git/objects/2c',0),(162,2,'/cygdrive/i/Edu/CEGEP/ProgServeur/jsdev/.git/objects/2f',0),(163,2,'/cygdrive/i/Edu/CEGEP/ProgServeur/jsdev/.git/objects/30',0),(164,2,'/cygdrive/i/Edu/CEGEP/ProgServeur/jsdev/.git/objects/34',0),(165,2,'/cygdrive/i/Edu/CEGEP/ProgServeur/jsdev/.git/objects/39',0),(166,2,'/cygdrive/i/Edu/CEGEP/ProgServeur/jsdev/.git/objects/4e',0),(167,2,'/cygdrive/i/Edu/CEGEP/ProgServeur/jsdev/.git/objects/50',0),(168,2,'/cygdrive/i/Edu/CEGEP/ProgServeur/jsdev/.git/objects/55',0),(169,2,'/cygdrive/i/Edu/CEGEP/ProgServeur/jsdev/.git/objects/59',0),(170,2,'/cygdrive/i/Edu/CEGEP/ProgServeur/jsdev/.git/objects/5d',0),(171,2,'/cygdrive/i/Edu/CEGEP/ProgServeur/jsdev/.git/objects/61',1),(172,2,'/cygdrive/i/Edu/CEGEP/ProgServeur/jsdev/.git/objects/6b',0),(173,2,'/cygdrive/i/Edu/CEGEP/ProgServeur/jsdev/.git/objects/6c',0),(174,2,'/cygdrive/i/Edu/CEGEP/ProgServeur/jsdev/.git/objects/6f',0),(175,2,'/cygdrive/i/Edu/CEGEP/ProgServeur/jsdev/.git/objects/71',0),(176,2,'/cygdrive/i/Edu/CEGEP/ProgServeur/jsdev/.git/objects/72',0),(177,2,'/cygdrive/i/Edu/CEGEP/ProgServeur/jsdev/.git/objects/73',0),(178,2,'/cygdrive/i/Edu/CEGEP/ProgServeur/jsdev/.git/objects/76',0),(179,2,'/cygdrive/i/Edu/CEGEP/ProgServeur/jsdev/.git/objects/7b',0),(180,2,'/cygdrive/i/Edu/CEGEP/ProgServeur/jsdev/.git/objects/89',0),(181,2,'/cygdrive/i/Edu/CEGEP/ProgServeur/jsdev/.git/objects/8d',0),(182,2,'/cygdrive/i/Edu/CEGEP/ProgServeur/jsdev/.git/objects/94',25),(183,2,'/cygdrive/i/Edu/CEGEP/ProgServeur/jsdev/.git/objects/9b',0),(184,2,'/cygdrive/i/Edu/CEGEP/ProgServeur/jsdev/.git/objects/9c',21),(185,2,'/cygdrive/i/Edu/CEGEP/ProgServeur/jsdev/.git/objects/b1',4),(186,2,'/cygdrive/i/Edu/CEGEP/ProgServeur/jsdev/.git/objects/bb',0),(187,2,'/cygdrive/i/Edu/CEGEP/ProgServeur/jsdev/.git/objects/be',30),(188,2,'/cygdrive/i/Edu/CEGEP/ProgServeur/jsdev/.git/objects/c1',28),(189,2,'/cygdrive/i/Edu/CEGEP/ProgServeur/jsdev/.git/objects/d0',0),(190,2,'/cygdrive/i/Edu/CEGEP/ProgServeur/jsdev/.git/objects/d6',0),(191,2,'/cygdrive/i/Edu/CEGEP/ProgServeur/jsdev/.git/objects/d7',24),(192,2,'/cygdrive/i/Edu/CEGEP/ProgServeur/jsdev/.git/objects/db',0),(193,2,'/cygdrive/i/Edu/CEGEP/ProgServeur/jsdev/.git/objects/e2',22),(194,2,'/cygdrive/i/Edu/CEGEP/ProgServeur/jsdev/.git/objects/e3',0),(195,2,'/cygdrive/i/Edu/CEGEP/ProgServeur/jsdev/.git/objects/e6',1),(196,2,'/cygdrive/i/Edu/CEGEP/ProgServeur/jsdev/.git/objects/ea',5),(197,2,'/cygdrive/i/Edu/CEGEP/ProgServeur/jsdev/.git/objects/ed',0),(198,2,'/cygdrive/i/Edu/CEGEP/ProgServeur/jsdev/.git/objects/ee',13),(199,2,'/cygdrive/i/Edu/CEGEP/ProgServeur/jsdev/.git/objects/f2',163),(200,2,'/cygdrive/i/Edu/CEGEP/ProgServeur/jsdev/.git/objects/fc',83),(201,2,'/cygdrive/i/Edu/CEGEP/ProgServeur/jsdev/.git/objects/ff',10),(202,2,'/cygdrive/i/Edu/CEGEP/ProgServeur/jsdev/.git/objects/info',21),(203,2,'/cygdrive/i/Edu/CEGEP/ProgServeur/jsdev/.git/objects/pack',2),(204,2,'/cygdrive/i/Edu/CEGEP/ProgServeur/jsdev/.git/refs',32),(205,2,'/cygdrive/i/Edu/CEGEP/ProgServeur/jsdev/.git/refs/heads',5),(206,2,'/cygdrive/i/Edu/CEGEP/ProgServeur/jsdev/.git/refs/remotes',4),(207,2,'/cygdrive/i/Edu/CEGEP/ProgServeur/jsdev/.git/refs/remotes/origin',3),(208,2,'/cygdrive/i/Edu/CEGEP/ProgServeur/jsdev/.git/refs/tags',7),(209,2,'/cygdrive/i/Edu/CEGEP/ProgServeur/jsdev/.idea',74),(210,2,'/cygdrive/i/Edu/CEGEP/ProgServeur/jsdev/CApp',38),(211,2,'/cygdrive/i/Edu/CEGEP/ProgServeur/jsdev/CApp/DrvInfo',32),(212,2,'/cygdrive/i/Edu/CEGEP/ProgServeur/jsdev/CApp/DrvInfo/DrvInfo',206),(213,2,'/cygdrive/i/Edu/CEGEP/ProgServeur/jsdev/CApp/DrvInfo/DrvInfo/bin',23),(214,2,'/cygdrive/i/Edu/CEGEP/ProgServeur/jsdev/CApp/DrvInfo/DrvInfo/bin/Debug',14),(215,2,'/cygdrive/i/Edu/CEGEP/ProgServeur/jsdev/CApp/DrvInfo/DrvInfo/bin/Release',236),(216,2,'/cygdrive/i/Edu/CEGEP/ProgServeur/jsdev/CApp/DrvInfo/DrvInfo/obj',101),(217,2,'/cygdrive/i/Edu/CEGEP/ProgServeur/jsdev/CApp/DrvInfo/DrvInfo/obj/x86',14),(218,2,'/cygdrive/i/Edu/CEGEP/ProgServeur/jsdev/CApp/DrvInfo/DrvInfo/obj/x86/Debug',35),(219,2,'/cygdrive/i/Edu/CEGEP/ProgServeur/jsdev/CApp/DrvInfo/DrvInfo/obj/x86/Debug/TempPE',49),(220,2,'/cygdrive/i/Edu/CEGEP/ProgServeur/jsdev/CApp/DrvInfo/DrvInfo/obj/x86/Release',7),(221,2,'/cygdrive/i/Edu/CEGEP/ProgServeur/jsdev/CApp/DrvInfo/DrvInfo/obj/x86/Release/TempPE',8),(222,2,'/cygdrive/i/Edu/CEGEP/ProgServeur/jsdev/CApp/DrvInfo/DrvInfo/Properties',5),(223,2,'/cygdrive/i/Edu/CEGEP/ProgServeur/jsdev/FileInv',10),(224,2,'/cygdrive/i/Edu/CEGEP/ProgServeur/jsdev/node_modules',5),(225,2,'/cygdrive/i/Edu/CEGEP/ProgServeur/jsdev/node_modules/array-index',11),(226,2,'/cygdrive/i/Edu/CEGEP/ProgServeur/jsdev/node_modules/bignumber.js',1),(227,2,'/cygdrive/i/Edu/CEGEP/ProgServeur/jsdev/node_modules/bignumber.js/doc',208),(228,2,'/cygdrive/i/Edu/CEGEP/ProgServeur/jsdev/node_modules/bindings',9),(229,2,'/cygdrive/i/Edu/CEGEP/ProgServeur/jsdev/node_modules/core-util-is',99),(230,2,'/cygdrive/i/Edu/CEGEP/ProgServeur/jsdev/node_modules/core-util-is/lib',163),(231,2,'/cygdrive/i/Edu/CEGEP/ProgServeur/jsdev/node_modules/debug',7),(232,2,'/cygdrive/i/Edu/CEGEP/ProgServeur/jsdev/node_modules/inherits',1),(233,2,'/cygdrive/i/Edu/CEGEP/ProgServeur/jsdev/node_modules/isarray',0),(234,2,'/cygdrive/i/Edu/CEGEP/ProgServeur/jsdev/node_modules/isarray/build',32),(235,2,'/cygdrive/i/Edu/CEGEP/ProgServeur/jsdev/node_modules/ms',0),(236,2,'/cygdrive/i/Edu/CEGEP/ProgServeur/jsdev/node_modules/mysql',14),(237,2,'/cygdrive/i/Edu/CEGEP/ProgServeur/jsdev/node_modules/mysql/lib',0),(238,2,'/cygdrive/i/Edu/CEGEP/ProgServeur/jsdev/node_modules/mysql/lib/protocol',0),(239,2,'/cygdrive/i/Edu/CEGEP/ProgServeur/jsdev/node_modules/mysql/lib/protocol/constants',0),(240,2,'/cygdrive/i/Edu/CEGEP/ProgServeur/jsdev/node_modules/mysql/lib/protocol/packets',0),(241,2,'/cygdrive/i/Edu/CEGEP/ProgServeur/jsdev/node_modules/mysql/lib/protocol/sequences',0),(242,2,'/cygdrive/i/Edu/CEGEP/ProgServeur/jsdev/node_modules/nan',0),(243,2,'/cygdrive/i/Edu/CEGEP/ProgServeur/jsdev/node_modules/nan/doc',0),(244,2,'/cygdrive/i/Edu/CEGEP/ProgServeur/jsdev/node_modules/nan/tools',0),(245,2,'/cygdrive/i/Edu/CEGEP/ProgServeur/jsdev/node_modules/readable-stream',0),(246,2,'/cygdrive/i/Edu/CEGEP/ProgServeur/jsdev/node_modules/readable-stream/lib',0),(247,2,'/cygdrive/i/Edu/CEGEP/ProgServeur/jsdev/node_modules/ref-array',98),(248,2,'/cygdrive/i/Edu/CEGEP/ProgServeur/jsdev/node_modules/ref-array/lib',162),(249,2,'/cygdrive/i/Edu/CEGEP/ProgServeur/jsdev/node_modules/ref-array/test',273),(250,2,'/cygdrive/i/Edu/CEGEP/ProgServeur/jsdev/node_modules/sqlstring',3),(251,2,'/cygdrive/i/Edu/CEGEP/ProgServeur/jsdev/node_modules/sqlstring/lib',8),(252,2,'/cygdrive/i/Edu/CEGEP/ProgServeur/jsdev/node_modules/string_decoder',0),(253,2,'/cygdrive/i/Edu/CEGEP/ProgServeur/jsdev/sh1116',2),(254,2,'/cygdrive/i/Edu/CEGEP/ProgServeur/jsdev/sql',3579),(255,2,'/cygdrive/i/Edu/CEGEP/ProgServeur/jsdev/sql/MySql',10388),(256,2,'/cygdrive/i/Edu/CEGEP/ProgServeur/jsdev/sql/MySql/HSK',5872702),(257,2,'/cygdrive/i/Edu/CEGEP/ProgServeur/jsdev/sql/SQLite',369615),(258,2,'/cygdrive/i/Edu/CEGEP/ProgServeur/jsdev/test',10),(259,2,'/cygdrive/i/Edu/CEGEP/ProgServeur/jsdev/sh',1),(260,2,'/cygdrive/i/Edu/CEGEP/ProgServeur/Qt',188120),(261,2,'/cygdrive/i/Edu/CEGEP/ProgServeur/Qt/Volume',107847),(262,2,'/cygdrive/i/Edu/CEGEP/ProgServeur/Qt/Volume/.git',0),(263,2,'/cygdrive/i/Edu/CEGEP/ProgServeur/Qt/Volume/.git/hooks',0),(264,2,'/cygdrive/i/Edu/CEGEP/ProgServeur/Qt/Volume/.git/info',8991),(265,2,'/cygdrive/i/Edu/CEGEP/ProgServeur/Qt/Volume/.git/objects',0),(266,2,'/cygdrive/i/Edu/CEGEP/ProgServeur/Qt/Volume/.git/objects/info',71),(267,2,'/cygdrive/i/Edu/CEGEP/ProgServeur/Qt/Volume/.git/objects/pack',1373),(268,2,'/cygdrive/i/Edu/CEGEP/ProgServeur/Qt/Volume/.git/refs',43),(269,2,'/cygdrive/i/Edu/CEGEP/ProgServeur/Qt/Volume/.git/refs/heads',28),(270,2,'/cygdrive/i/Edu/CEGEP/ProgServeur/Qt/Volume/.git/refs/tags',2565),(271,2,'/cygdrive/i/Edu/CEGEP/ProgServeur/Qt/Volume/debug',73),(272,2,'/cygdrive/i/Edu/CEGEP/ProgServeur/Qt/Volume/release',1915),(273,2,'/cygdrive/i/Edu/CEGEP/ProgServeur/SQL',73),(274,2,'/cygdrive/i/Edu/CEGEP/ProgServeur/SQL/MySql',6),(275,2,'/cygdrive/i/Edu/CEGEP/ProgServeur/SQL/SQLite',395),(276,2,'/cygdrive/i/Edu/CEGEP/ProgServeur/tmp',614),(277,2,'/cygdrive/i/Edu/CEGEP/ProgServeur/TP1012',1021),(278,2,'/cygdrive/i/Edu/CEGEP/ProgServeur/TP3',16),(279,2,'/cygdrive/i/Edu/CEGEP/ProgServeur/Tutorat',336),(280,2,'/cygdrive/i/Edu/CEGEP/ProgServeur/Tutorat/Tutorat1020',2552),(281,2,'/cygdrive/i/Edu/CEGEP/bk',127),(282,2,'/cygdrive/i/Edu/SQL',13),(283,2,'/cygdrive/i/org',0),(284,2,'/cygdrive/i/org/PTracer',446),(285,2,'/cygdrive/i/org/PLog',12),(286,2,'/cygdrive/i/org/PLog/log',107),(287,2,'/cygdrive/i/org/Macrium',17),(288,2,'/cygdrive/i/org/pub',0),(289,2,'/cygdrive/i/org/cygwin64',6),(290,2,'/cygdrive/i/org/cygwin64/ftp%3a%2f%2fftp.muug.ca%2fmirror%2fcygwin%2f',1162),(291,2,'/cygdrive/i/org/cygwin64/ftp%3a%2f%2fftp.muug.ca%2fmirror%2fcygwin%2f/x86_64',74),(292,2,'/cygdrive/i/org/cygwin64/ftp%3a%2f%2fftp.muug.ca%2fmirror%2fcygwin%2f/x86_64/release',36),(293,2,'/cygdrive/i/org/cygwin64/ftp%3a%2f%2fftp.muug.ca%2fmirror%2fcygwin%2f/x86_64/release/alternatives',5),(294,2,'/cygdrive/i/org/cygwin64/ftp%3a%2f%2fftp.muug.ca%2fmirror%2fcygwin%2f/x86_64/release/bash',0),(295,2,'/cygdrive/i/org/cygwin64/ftp%3a%2f%2fftp.muug.ca%2fmirror%2fcygwin%2f/x86_64/release/bzip2',60),(296,2,'/cygdrive/i/org/cygwin64/ftp%3a%2f%2fftp.muug.ca%2fmirror%2fcygwin%2f/x86_64/release/bzip2/libbz2_1',0),(297,2,'/cygdrive/i/org/cygwin64/ftp%3a%2f%2fftp.muug.ca%2fmirror%2fcygwin%2f/x86_64/release/coreutils',26),(298,2,'/cygdrive/i/org/cygwin64/ftp%3a%2f%2fftp.muug.ca%2fmirror%2fcygwin%2f/x86_64/release/cygutils',3),(299,2,'/cygdrive/i/org/cygwin64/ftp%3a%2f%2fftp.muug.ca%2fmirror%2fcygwin%2f/x86_64/release/cygwin',273),(300,2,'/cygdrive/i/org/cygwin64/ftp%3a%2f%2fftp.muug.ca%2fmirror%2fcygwin%2f/x86_64/release/dash',0),(301,2,'/cygdrive/i/org/cygwin64/ftp%3a%2f%2fftp.muug.ca%2fmirror%2fcygwin%2f/x86_64/release/editrights',18),(302,2,'/cygdrive/i/org/cygwin64/ftp%3a%2f%2fftp.muug.ca%2fmirror%2fcygwin%2f/x86_64/release/file',0),(303,2,'/cygdrive/i/org/cygwin64/ftp%3a%2f%2fftp.muug.ca%2fmirror%2fcygwin%2f/x86_64/release/findutils',218),(304,2,'/cygdrive/i/org/cygwin64/ftp%3a%2f%2fftp.muug.ca%2fmirror%2fcygwin%2f/x86_64/release/gawk',98),(305,2,'/cygdrive/i/org/cygwin64/ftp%3a%2f%2fftp.muug.ca%2fmirror%2fcygwin%2f/x86_64/release/getent',528),(306,2,'/cygdrive/i/org/cygwin64/ftp%3a%2f%2fftp.muug.ca%2fmirror%2fcygwin%2f/x86_64/release/grep',0),(307,2,'/cygdrive/i/org/cygwin64/ftp%3a%2f%2fftp.muug.ca%2fmirror%2fcygwin%2f/x86_64/release/groff',16),(308,2,'/cygdrive/i/org/cygwin64/ftp%3a%2f%2fftp.muug.ca%2fmirror%2fcygwin%2f/x86_64/release/gzip',232),(309,2,'/cygdrive/i/org/cygwin64/ftp%3a%2f%2fftp.muug.ca%2fmirror%2fcygwin%2f/x86_64/release/hostname',65),(310,2,'/cygdrive/i/org/cygwin64/ftp%3a%2f%2fftp.muug.ca%2fmirror%2fcygwin%2f/x86_64/release/texinfo',0),(311,2,'/cygdrive/i/org/cygwin64/ftp%3a%2f%2fftp.muug.ca%2fmirror%2fcygwin%2f/x86_64/release/texinfo/info',141),(312,2,'/cygdrive/i/org/cygwin64/ftp%3a%2f%2fftp.muug.ca%2fmirror%2fcygwin%2f/x86_64/release/ipc-utils',261),(313,2,'/cygdrive/i/org/cygwin64/ftp%3a%2f%2fftp.muug.ca%2fmirror%2fcygwin%2f/x86_64/release/less',171),(314,2,'/cygdrive/i/org/cygwin64/ftp%3a%2f%2fftp.muug.ca%2fmirror%2fcygwin%2f/x86_64/release/libargp',64),(315,2,'/cygdrive/i/org/cygwin64/ftp%3a%2f%2fftp.muug.ca%2fmirror%2fcygwin%2f/x86_64/release/attr',571),(316,2,'/cygdrive/i/org/cygwin64/ftp%3a%2f%2fftp.muug.ca%2fmirror%2fcygwin%2f/x86_64/release/attr/libattr1',1021),(317,2,'/cygdrive/i/org/cygwin64/ftp%3a%2f%2fftp.muug.ca%2fmirror%2fcygwin%2f/x86_64/release/util-linux',71),(318,2,'/cygdrive/i/org/cygwin64/ftp%3a%2f%2fftp.muug.ca%2fmirror%2fcygwin%2f/x86_64/release/util-linux/libblkid1',85),(319,2,'/cygdrive/i/org/cygwin64/ftp%3a%2f%2fftp.muug.ca%2fmirror%2fcygwin%2f/x86_64/release/util-linux/libsmartcols1',63),(320,2,'/cygdrive/i/org/cygwin64/ftp%3a%2f%2fftp.muug.ca%2fmirror%2fcygwin%2f/x86_64/release/util-linux/libuuid1',0),(321,2,'/cygdrive/i/org/cygwin64/ftp%3a%2f%2fftp.muug.ca%2fmirror%2fcygwin%2f/x86_64/release/libffi',143),(322,2,'/cygdrive/i/org/cygwin64/ftp%3a%2f%2fftp.muug.ca%2fmirror%2fcygwin%2f/x86_64/release/libffi/libffi6',0),(323,2,'/cygdrive/i/org/cygwin64/ftp%3a%2f%2fftp.muug.ca%2fmirror%2fcygwin%2f/x86_64/release/gcc',15),(324,2,'/cygdrive/i/org/cygwin64/ftp%3a%2f%2fftp.muug.ca%2fmirror%2fcygwin%2f/x86_64/release/gcc/libgcc1',0),(325,2,'/cygdrive/i/org/cygwin64/ftp%3a%2f%2fftp.muug.ca%2fmirror%2fcygwin%2f/x86_64/release/gcc/libssp0',18),(326,2,'/cygdrive/i/org/cygwin64/ftp%3a%2f%2fftp.muug.ca%2fmirror%2fcygwin%2f/x86_64/release/gcc/libstdc++6',17),(327,2,'/cygdrive/i/org/cygwin64/ftp%3a%2f%2fftp.muug.ca%2fmirror%2fcygwin%2f/x86_64/release/gdbm',0),(328,2,'/cygdrive/i/org/cygwin64/ftp%3a%2f%2fftp.muug.ca%2fmirror%2fcygwin%2f/x86_64/release/gdbm/libgdbm4',87),(329,2,'/cygdrive/i/org/cygwin64/ftp%3a%2f%2fftp.muug.ca%2fmirror%2fcygwin%2f/x86_64/release/gmp',0),(330,2,'/cygdrive/i/org/cygwin64/ftp%3a%2f%2fftp.muug.ca%2fmirror%2fcygwin%2f/x86_64/release/gmp/libgmp10',28),(331,2,'/cygdrive/i/org/cygwin64/ftp%3a%2f%2fftp.muug.ca%2fmirror%2fcygwin%2f/x86_64/release/libiconv',16),(332,2,'/cygdrive/i/org/cygwin64/ftp%3a%2f%2fftp.muug.ca%2fmirror%2fcygwin%2f/x86_64/release/libiconv/libiconv2',743),(333,2,'/cygdrive/i/org/cygwin64/ftp%3a%2f%2fftp.muug.ca%2fmirror%2fcygwin%2f/x86_64/release/gettext',185),(334,2,'/cygdrive/i/org/cygwin64/ftp%3a%2f%2fftp.muug.ca%2fmirror%2fcygwin%2f/x86_64/release/gettext/libintl8',222),(335,2,'/cygdrive/i/org/cygwin64/ftp%3a%2f%2fftp.muug.ca%2fmirror%2fcygwin%2f/x86_64/release/xz',33),(336,2,'/cygdrive/i/org/cygwin64/ftp%3a%2f%2fftp.muug.ca%2fmirror%2fcygwin%2f/x86_64/release/xz/liblzma5',256),(337,2,'/cygdrive/i/org/cygwin64/ftp%3a%2f%2fftp.muug.ca%2fmirror%2fcygwin%2f/x86_64/release/mpfr',809),(338,2,'/cygdrive/i/org/cygwin64/ftp%3a%2f%2fftp.muug.ca%2fmirror%2fcygwin%2f/x86_64/release/mpfr/libmpfr4',0),(339,2,'/cygdrive/i/org/cygwin64/ftp%3a%2f%2fftp.muug.ca%2fmirror%2fcygwin%2f/x86_64/release/ncurses',469),(340,2,'/cygdrive/i/org/cygwin64/ftp%3a%2f%2fftp.muug.ca%2fmirror%2fcygwin%2f/x86_64/release/ncurses/libncursesw10',31),(341,2,'/cygdrive/i/org/cygwin64/ftp%3a%2f%2fftp.muug.ca%2fmirror%2fcygwin%2f/x86_64/release/ncurses/terminfo',0),(342,2,'/cygdrive/i/org/cygwin64/ftp%3a%2f%2fftp.muug.ca%2fmirror%2fcygwin%2f/x86_64/release/openssl',37),(343,2,'/cygdrive/i/org/cygwin64/ftp%3a%2f%2fftp.muug.ca%2fmirror%2fcygwin%2f/x86_64/release/openssl/libopenssl100',106),(344,2,'/cygdrive/i/org/cygwin64/ftp%3a%2f%2fftp.muug.ca%2fmirror%2fcygwin%2f/x86_64/release/p11-kit',0),(345,2,'/cygdrive/i/org/cygwin64/ftp%3a%2f%2fftp.muug.ca%2fmirror%2fcygwin%2f/x86_64/release/p11-kit/libp11-kit0',0),(346,2,'/cygdrive/i/org/cygwin64/ftp%3a%2f%2fftp.muug.ca%2fmirror%2fcygwin%2f/x86_64/release/p11-kit/p11-kit-trust',4),(347,2,'/cygdrive/i/org/cygwin64/ftp%3a%2f%2fftp.muug.ca%2fmirror%2fcygwin%2f/x86_64/release/pcre',1),(348,2,'/cygdrive/i/org/cygwin64/ftp%3a%2f%2fftp.muug.ca%2fmirror%2fcygwin%2f/x86_64/release/pcre/libpcre1',43),(349,2,'/cygdrive/i/org/cygwin64/ftp%3a%2f%2fftp.muug.ca%2fmirror%2fcygwin%2f/x86_64/release/libpipeline',363),(350,2,'/cygdrive/i/org/cygwin64/ftp%3a%2f%2fftp.muug.ca%2fmirror%2fcygwin%2f/x86_64/release/libpipeline/libpipeline1',169),(351,2,'/cygdrive/i/org/cygwin64/ftp%3a%2f%2fftp.muug.ca%2fmirror%2fcygwin%2f/x86_64/release/popt',NULL),(352,2,'/cygdrive/i/org/cygwin64/ftp%3a%2f%2fftp.muug.ca%2fmirror%2fcygwin%2f/x86_64/release/popt/libpopt-common',NULL),(353,2,'/cygdrive/i/org/cygwin64/ftp%3a%2f%2fftp.muug.ca%2fmirror%2fcygwin%2f/x86_64/release/popt/libpopt0',NULL),(354,2,'/cygdrive/i/org/cygwin64/ftp%3a%2f%2fftp.muug.ca%2fmirror%2fcygwin%2f/x86_64/release/readline',NULL),(355,2,'/cygdrive/i/org/cygwin64/ftp%3a%2f%2fftp.muug.ca%2fmirror%2fcygwin%2f/x86_64/release/readline/libreadline7',NULL),(356,2,'/cygdrive/i/org/cygwin64/ftp%3a%2f%2fftp.muug.ca%2fmirror%2fcygwin%2f/x86_64/release/libtasn1',NULL),(357,2,'/cygdrive/i/org/cygwin64/ftp%3a%2f%2fftp.muug.ca%2fmirror%2fcygwin%2f/x86_64/release/libtasn1/libtasn1_6',NULL),(358,2,'/cygdrive/i/org/cygwin64/ftp%3a%2f%2fftp.muug.ca%2fmirror%2fcygwin%2f/x86_64/release/login',NULL),(359,2,'/cygdrive/i/org/cygwin64/ftp%3a%2f%2fftp.muug.ca%2fmirror%2fcygwin%2f/x86_64/release/man-db',NULL),(360,2,'/cygdrive/i/org/cygwin64/ftp%3a%2f%2fftp.muug.ca%2fmirror%2fcygwin%2f/x86_64/release/mintty',NULL),(361,2,'/cygdrive/i/org/cygwin64/ftp%3a%2f%2fftp.muug.ca%2fmirror%2fcygwin%2f/x86_64/release/rebase',NULL),(362,2,'/cygdrive/i/org/cygwin64/ftp%3a%2f%2fftp.muug.ca%2fmirror%2fcygwin%2f/x86_64/release/run',NULL),(363,2,'/cygdrive/i/org/cygwin64/ftp%3a%2f%2fftp.muug.ca%2fmirror%2fcygwin%2f/x86_64/release/sed',NULL),(364,2,'/cygdrive/i/org/cygwin64/ftp%3a%2f%2fftp.muug.ca%2fmirror%2fcygwin%2f/x86_64/release/tar',NULL),(365,2,'/cygdrive/i/org/cygwin64/ftp%3a%2f%2fftp.muug.ca%2fmirror%2fcygwin%2f/x86_64/release/vim',NULL),(366,2,'/cygdrive/i/org/cygwin64/ftp%3a%2f%2fftp.muug.ca%2fmirror%2fcygwin%2f/x86_64/release/vim/vim-minimal',NULL),(367,2,'/cygdrive/i/org/cygwin64/ftp%3a%2f%2fftp.muug.ca%2fmirror%2fcygwin%2f/x86_64/release/which',NULL),(368,2,'/cygdrive/i/org/cygwin64/ftp%3a%2f%2fftp.muug.ca%2fmirror%2fcygwin%2f/x86_64/release/zlib',NULL),(369,2,'/cygdrive/i/org/cygwin64/ftp%3a%2f%2fftp.muug.ca%2fmirror%2fcygwin%2f/x86_64/release/zlib/zlib0',NULL),(370,2,'/cygdrive/i/org/cygwin64/ftp%3a%2f%2fftp.muug.ca%2fmirror%2fcygwin%2f/x86_64/release/bc',NULL),(371,2,'/cygdrive/i/org/cygwin64/ftp%3a%2f%2fftp.muug.ca%2fmirror%2fcygwin%2f/noarch',NULL),(372,2,'/cygdrive/i/org/cygwin64/ftp%3a%2f%2fftp.muug.ca%2fmirror%2fcygwin%2f/noarch/release',NULL),(373,2,'/cygdrive/i/org/cygwin64/ftp%3a%2f%2fftp.muug.ca%2fmirror%2fcygwin%2f/noarch/release/_autorebase',NULL),(374,2,'/cygdrive/i/org/cygwin64/ftp%3a%2f%2fftp.muug.ca%2fmirror%2fcygwin%2f/noarch/release/base-cygwin',NULL),(375,2,'/cygdrive/i/org/cygwin64/ftp%3a%2f%2fftp.muug.ca%2fmirror%2fcygwin%2f/noarch/release/base-files',NULL),(376,2,'/cygdrive/i/org/cygwin64/ftp%3a%2f%2fftp.muug.ca%2fmirror%2fcygwin%2f/noarch/release/ca-certificates',NULL),(377,2,'/cygdrive/i/org/cygwin64/ftp%3a%2f%2fftp.muug.ca%2fmirror%2fcygwin%2f/noarch/release/tzdata',NULL);
/*!40000 ALTER TABLE `DirEntry` ENABLE KEYS */;
UNLOCK TABLES;

--
-- Table structure for table `FileEntry`
--

DROP TABLE IF EXISTS `FileEntry`;
/*!40101 SET @saved_cs_client     = @@character_set_client */;
/*!40101 SET character_set_client = utf8 */;
CREATE TABLE `FileEntry` (
  `VolId` int(11) DEFAULT NULL,
  `DirId` int(11) DEFAULT NULL,
  `Id` int(11) NOT NULL AUTO_INCREMENT,
  `FileName` varchar(64) DEFAULT NULL,
  `Size` bigint(20) DEFAULT NULL,
  `Blocks` int(11) DEFAULT NULL,
  `IOBlock` int(11) DEFAULT NULL,
  `Inode` bigint(20) DEFAULT NULL,
  `Links` int(11) DEFAULT NULL,
  `Access` int(11) DEFAULT NULL,
  `Uid` int(11) DEFAULT NULL,
  `Gid` int(11) DEFAULT NULL,
  `TAccess` timestamp NOT NULL DEFAULT CURRENT_TIMESTAMP ON UPDATE CURRENT_TIMESTAMP,
  `TModify` timestamp NOT NULL DEFAULT '0000-00-00 00:00:00',
  `TChange` timestamp NOT NULL DEFAULT '0000-00-00 00:00:00',
  `TBirth` timestamp NOT NULL DEFAULT '0000-00-00 00:00:00',
  `FileInfo` int(11) DEFAULT NULL,
  PRIMARY KEY (`Id`),
  KEY `ByFileSize` (`Size`),
  KEY `ByFileMod` (`TModify`),
  KEY `ByFileInfo` (`FileInfo`),
  KEY `DirId` (`DirId`),
  KEY `VolId` (`VolId`),
  CONSTRAINT `FileEntry_ibfk_2` FOREIGN KEY (`VolId`) REFERENCES `Volume` (`VolId`),
  CONSTRAINT `FileEntry_ibfk_1` FOREIGN KEY (`DirId`) REFERENCES `DirEntry` (`DirId`)
) ENGINE=InnoDB DEFAULT CHARSET=latin1;
/*!40101 SET character_set_client = @saved_cs_client */;

--
-- Dumping data for table `FileEntry`
--

LOCK TABLES `FileEntry` WRITE;
/*!40000 ALTER TABLE `FileEntry` DISABLE KEYS */;
INSERT INTO `FileEntry` VALUES (1,1,NULL,'en_windows_7_professional_with_sp1_x64_dvd_u_676939.iso',3320903680,3243072,1024,2863323401071053949,1,644,1001,513,'0000-00-00 00:00:00','0000-00-00 00:00:00','0000-00-00 00:00:00','0000-00-00 00:00:00',0),(1,1,NULL,'PreTest.odt',16105,16,1024,8801094433030082556,1,644,1001,513,'0000-00-00 00:00:00','0000-00-00 00:00:00','0000-00-00 00:00:00','0000-00-00 00:00:00',0),(1,1,NULL,'ScanG.sql',200103,196,1024,9223372036854775807,1,644,1001,513,'0000-00-00 00:00:00','0000-00-00 00:00:00','0000-00-00 00:00:00','0000-00-00 00:00:00',0),(1,1,NULL,'sdab.zip',3636,4,1024,3294699325426357263,1,644,1001,513,'0000-00-00 00:00:00','0000-00-00 00:00:00','0000-00-00 00:00:00','0000-00-00 00:00:00',0),(1,2,NULL,'IndexerVolumeGuid',76,4,1024,9223372036854775807,1,644,1001,513,'0000-00-00 00:00:00','0000-00-00 00:00:00','0000-00-00 00:00:00','0000-00-00 00:00:00',0),(1,2,NULL,'WPSettings.dat',12,4,1024,3120130770571737620,1,644,1001,513,'0000-00-00 00:00:00','0000-00-00 00:00:00','0000-00-00 00:00:00','0000-00-00 00:00:00',0),(1,3,NULL,'ASUSZBCase.txt',20,4,1024,977529844956650664,1,644,1001,513,'0000-00-00 00:00:00','0000-00-00 00:00:00','0000-00-00 00:00:00','0000-00-00 00:00:00',0),(1,3,NULL,'LinuxLic.txt',29,4,1024,6385850188466522738,1,644,1001,513,'0000-00-00 00:00:00','0000-00-00 00:00:00','0000-00-00 00:00:00','0000-00-00 00:00:00',0),(1,3,NULL,'VMware-workstation-full-12.5.0-4352439.exe',318391336,310932,1024,4683698997068365656,1,755,1001,513,'0000-00-00 00:00:00','0000-00-00 00:00:00','0000-00-00 00:00:00','0000-00-00 00:00:00',0),(1,3,NULL,'VMware-Workstation-Full-12.5.0-4352439.x86_64.bundle',374121567,365356,1024,1567129772717338767,1,755,1001,513,'0000-00-00 00:00:00','0000-00-00 00:00:00','0000-00-00 00:00:00','0000-00-00 00:00:00',0),(1,3,NULL,'WinLic.txt',31,4,1024,1922665453152160170,1,644,1001,513,'0000-00-00 00:00:00','0000-00-00 00:00:00','0000-00-00 00:00:00','0000-00-00 00:00:00',0),(1,4,NULL,'PacketTracer63_linux.tar.gz',188087207,183680,1024,2849619385690665489,1,644,1001,513,'0000-00-00 00:00:00','0000-00-00 00:00:00','0000-00-00 00:00:00','0000-00-00 00:00:00',0),(1,4,NULL,'WebStorm-2016.2.3.tar.gz',215614436,210564,1024,9223372036854775807,1,644,1001,513,'0000-00-00 00:00:00','0000-00-00 00:00:00','0000-00-00 00:00:00','0000-00-00 00:00:00',0),(1,5,NULL,'msys2-x86_64-20160921.exe',70851442,69192,1024,9223372036854775807,1,755,1001,513,'0000-00-00 00:00:00','0000-00-00 00:00:00','0000-00-00 00:00:00','0000-00-00 00:00:00',0),(1,5,NULL,'mysql-administrator-1.1.10a-linux-i386.tar.gz',24350097,23780,1024,9223372036854775807,1,644,1001,513,'0000-00-00 00:00:00','0000-00-00 00:00:00','0000-00-00 00:00:00','0000-00-00 00:00:00',0),(1,5,NULL,'mysql-query-browser-1.1.20-win.msi',5383680,5260,1024,9223372036854775807,1,644,1001,513,'0000-00-00 00:00:00','0000-00-00 00:00:00','0000-00-00 00:00:00','0000-00-00 00:00:00',0),(1,5,NULL,'mysql-utilities-1.6.4-winx64.msi',4370432,4268,1024,1541835452931568269,1,644,1001,513,'0000-00-00 00:00:00','0000-00-00 00:00:00','0000-00-00 00:00:00','0000-00-00 00:00:00',0),(1,5,NULL,'mysql-workbench-community-6.3.8-winx64.msi',28016640,27360,1024,9223372036854775807,1,644,1001,513,'0000-00-00 00:00:00','0000-00-00 00:00:00','0000-00-00 00:00:00','0000-00-00 00:00:00',0),(1,5,NULL,'Oracle_VM_VirtualBox_Extension_Pack-5.0.26-108824.vbox-extpack',16425147,16044,1024,9223372036854775807,1,644,1001,513,'0000-00-00 00:00:00','0000-00-00 00:00:00','0000-00-00 00:00:00','0000-00-00 00:00:00',0),(1,5,NULL,'Oracle_VM_VirtualBox_Extension_Pack-5.1.8-111374.vbox-extpack',19457682,19004,1024,7851142589786676136,1,644,1001,513,'0000-00-00 00:00:00','0000-00-00 00:00:00','0000-00-00 00:00:00','0000-00-00 00:00:00',0),(1,5,NULL,'PacketTracer63_setup.exe',153954864,150348,1024,9223372036854775807,1,755,1001,513,'0000-00-00 00:00:00','0000-00-00 00:00:00','0000-00-00 00:00:00','0000-00-00 00:00:00',0),(1,5,NULL,'Qt_SDK_Win_offline_v1_1_1_en.exe',1606489944,1568840,1024,9223372036854775807,1,755,1001,513,'0000-00-00 00:00:00','0000-00-00 00:00:00','0000-00-00 00:00:00','0000-00-00 00:00:00',0),(1,5,NULL,'Snort_2_9_8_3_Installer.exe',3183949,3112,1024,9223372036854775807,1,755,1001,513,'0000-00-00 00:00:00','0000-00-00 00:00:00','0000-00-00 00:00:00','0000-00-00 00:00:00',0),(1,5,NULL,'sqlitebrowser-3.4.0-win32.exe',10033731,9800,1024,9223372036854775807,1,755,1001,513,'0000-00-00 00:00:00','0000-00-00 00:00:00','0000-00-00 00:00:00','0000-00-00 00:00:00',0),(1,5,NULL,'vcxsrv-64.1.18.3.0.installer.exe',46708981,45616,1024,2527830199029004378,1,755,1001,513,'0000-00-00 00:00:00','0000-00-00 00:00:00','0000-00-00 00:00:00','0000-00-00 00:00:00',0),(1,5,NULL,'VirtualBox-5.0.28-111378-Win.exe',113626080,110964,1024,3157048075916327515,1,755,1001,513,'0000-00-00 00:00:00','0000-00-00 00:00:00','0000-00-00 00:00:00','0000-00-00 00:00:00',0),(1,5,NULL,'VirtualBox-5.1.8-111374-Win.exe',122439648,119572,1024,282369807857451368,1,755,1001,513,'0000-00-00 00:00:00','0000-00-00 00:00:00','0000-00-00 00:00:00','0000-00-00 00:00:00',0),(1,5,NULL,'WebStorm-2016.2.3.exe',181179840,176936,1024,680041045432408518,1,755,1001,513,'0000-00-00 00:00:00','0000-00-00 00:00:00','0000-00-00 00:00:00','0000-00-00 00:00:00',0),(1,5,NULL,'Win10.txt',29,4,1024,9223372036854775807,1,644,1001,513,'0000-00-00 00:00:00','0000-00-00 00:00:00','0000-00-00 00:00:00','0000-00-00 00:00:00',0),(1,5,NULL,'Win7.txt',29,4,1024,9223372036854775807,1,644,1001,513,'0000-00-00 00:00:00','0000-00-00 00:00:00','0000-00-00 00:00:00','0000-00-00 00:00:00',0),(1,5,NULL,'WinMerge-2.12.4-Setup.exe',3212078,3140,1024,8837616935774357222,1,755,1001,513,'0000-00-00 00:00:00','0000-00-00 00:00:00','0000-00-00 00:00:00','0000-00-00 00:00:00',0),(1,5,NULL,'WinObj.zip',458395,448,1024,9223372036854775807,1,644,1001,513,'0000-00-00 00:00:00','0000-00-00 00:00:00','0000-00-00 00:00:00','0000-00-00 00:00:00',0),(1,5,NULL,'WinServ2008.txt',29,4,1024,9223372036854775807,1,644,1001,513,'0000-00-00 00:00:00','0000-00-00 00:00:00','0000-00-00 00:00:00','0000-00-00 00:00:00',0),(1,5,NULL,'Wireshark-win64-2.2.0.exe',48513256,47380,1024,9223372036854775807,1,755,1001,513,'0000-00-00 00:00:00','0000-00-00 00:00:00','0000-00-00 00:00:00','0000-00-00 00:00:00',0),(1,5,NULL,'Xming-6-9-0-31-setup.exe',2204914,2156,1024,4963293433712890108,1,755,1001,513,'0000-00-00 00:00:00','0000-00-00 00:00:00','0000-00-00 00:00:00','0000-00-00 00:00:00',0),(1,6,NULL,'log.txt',4679,8,1024,5004619615964378304,1,644,1001,513,'0000-00-00 00:00:00','0000-00-00 00:00:00','0000-00-00 00:00:00','0000-00-00 00:00:00',0),(1,6,NULL,'PT_Log.exe',5632,8,1024,758118533716298067,1,755,1001,513,'0000-00-00 00:00:00','0000-00-00 00:00:00','0000-00-00 00:00:00','0000-00-00 00:00:00',0),(1,7,NULL,'Router0.txt',439,4,1024,9223372036854775807,1,644,1001,513,'0000-00-00 00:00:00','0000-00-00 00:00:00','0000-00-00 00:00:00','0000-00-00 00:00:00',0),(1,7,NULL,'Router1.txt',264,4,1024,9223372036854775807,1,644,1001,513,'0000-00-00 00:00:00','0000-00-00 00:00:00','0000-00-00 00:00:00','0000-00-00 00:00:00',0),(1,7,NULL,'Router2.txt',398,4,1024,9223372036854775807,1,644,1001,513,'0000-00-00 00:00:00','0000-00-00 00:00:00','0000-00-00 00:00:00','0000-00-00 00:00:00',0),(1,7,NULL,'Router3.txt',234,4,1024,9223372036854775807,1,644,1001,513,'0000-00-00 00:00:00','0000-00-00 00:00:00','0000-00-00 00:00:00','0000-00-00 00:00:00',0),(1,8,NULL,'Cisco Packet Tracer 7_0 FAQs.pdf',386609,380,1024,9223372036854775807,1,644,1001,513,'0000-00-00 00:00:00','0000-00-00 00:00:00','0000-00-00 00:00:00','0000-00-00 00:00:00',0),(1,8,NULL,'Open Source Used In Cisco Packet Tracer 7_0.pdf',845324,828,1024,455844296430881058,1,644,1001,513,'0000-00-00 00:00:00','0000-00-00 00:00:00','0000-00-00 00:00:00','0000-00-00 00:00:00',0),(1,8,NULL,'PacketTracer70_32bit_linux.tar.gz',111858801,109240,1024,9223372036854775807,1,644,1001,513,'0000-00-00 00:00:00','0000-00-00 00:00:00','0000-00-00 00:00:00','0000-00-00 00:00:00',0),(1,8,NULL,'PacketTracer70_32bit_setup.exe',76479608,74688,1024,9223372036854775807,1,755,1001,513,'0000-00-00 00:00:00','0000-00-00 00:00:00','0000-00-00 00:00:00','0000-00-00 00:00:00',0),(1,8,NULL,'PacketTracer70_64bit_linux.tar.gz',106639250,104140,1024,9223372036854775807,1,644,1001,513,'0000-00-00 00:00:00','0000-00-00 00:00:00','0000-00-00 00:00:00','0000-00-00 00:00:00',0),(1,8,NULL,'PacketTracer70_64bit_setup.exe',82276352,80348,1024,9223372036854775807,1,755,1001,513,'0000-00-00 00:00:00','0000-00-00 00:00:00','0000-00-00 00:00:00','0000-00-00 00:00:00',0),(1,9,NULL,'[Tuto] Comment transformer son PC en routeur_.avi',27681812,27036,1024,6215711736810249450,1,644,1001,513,'0000-00-00 00:00:00','0000-00-00 00:00:00','0000-00-00 00:00:00','0000-00-00 00:00:00',0),(1,9,NULL,'Engagement de confidentialité.pdf',71233,72,1024,9223372036854775807,1,644,1001,513,'0000-00-00 00:00:00','0000-00-00 00:00:00','0000-00-00 00:00:00','0000-00-00 00:00:00',0),(1,9,NULL,'image005.emz',2199,4,1024,9223372036854775807,1,644,1001,513,'0000-00-00 00:00:00','0000-00-00 00:00:00','0000-00-00 00:00:00','0000-00-00 00:00:00',0),(1,9,NULL,'image008.emz',2202,4,1024,9223372036854775807,1,644,1001,513,'0000-00-00 00:00:00','0000-00-00 00:00:00','0000-00-00 00:00:00','0000-00-00 00:00:00',0),(1,9,NULL,'ouverturededossiercollgedemaisonneuve.zip',577541,568,1024,7121403078569115984,1,644,1001,513,'0000-00-00 00:00:00','0000-00-00 00:00:00','0000-00-00 00:00:00','0000-00-00 00:00:00',0),(1,9,NULL,'ProgServeur1113.zip',1828694,1788,1024,9223372036854775807,1,644,1001,513,'0000-00-00 00:00:00','0000-00-00 00:00:00','0000-00-00 00:00:00','0000-00-00 00:00:00',0),(1,9,NULL,'ProgServeur1114.zip',1836210,1796,1024,9223372036854775807,1,644,1001,513,'0000-00-00 00:00:00','0000-00-00 00:00:00','0000-00-00 00:00:00','0000-00-00 00:00:00',0),(1,9,NULL,'Questionnaire_Égalité en emploi.pdf',39435,40,1024,7339635886449761091,1,644,1001,513,'0000-00-00 00:00:00','0000-00-00 00:00:00','0000-00-00 00:00:00','0000-00-00 00:00:00',0),(1,10,NULL,'Chapitre_6_-Gestion_du_reseau.pdf',1839602,1800,1024,5121377956719683317,1,644,1001,513,'0000-00-00 00:00:00','0000-00-00 00:00:00','0000-00-00 00:00:00','0000-00-00 00:00:00',0),(1,10,NULL,'Laboratoire3_Realisation_d_un_reseau_pair-a-pair_.pdf',511440,500,1024,9223372036854775807,1,644,1001,513,'0000-00-00 00:00:00','0000-00-00 00:00:00','0000-00-00 00:00:00','0000-00-00 00:00:00',0),(1,11,NULL,'FileInv.sql',1699,4,1024,1678046237325850488,1,644,1001,513,'0000-00-00 00:00:00','0000-00-00 00:00:00','0000-00-00 00:00:00','0000-00-00 00:00:00',0),(1,11,NULL,'mysqldump.sql',4982,8,1024,19900448464594489,1,644,1001,513,'0000-00-00 00:00:00','0000-00-00 00:00:00','0000-00-00 00:00:00','0000-00-00 00:00:00',0),(1,11,NULL,'ScanD.sql',10420657,10180,1024,9223372036854775807,1,644,1001,513,'0000-00-00 00:00:00','0000-00-00 00:00:00','0000-00-00 00:00:00','0000-00-00 00:00:00',0),(1,11,NULL,'ScanF.sql',10592,12,1024,9223372036854775807,1,644,1001,513,'0000-00-00 00:00:00','0000-00-00 00:00:00','0000-00-00 00:00:00','0000-00-00 00:00:00',0),(1,11,NULL,'ScanG.sql',200103,196,1024,9223372036854775807,1,644,1001,513,'0000-00-00 00:00:00','0000-00-00 00:00:00','0000-00-00 00:00:00','0000-00-00 00:00:00',0),(1,11,NULL,'Volume.sql',270,4,1024,9223372036854775807,1,644,1001,513,'0000-00-00 00:00:00','0000-00-00 00:00:00','0000-00-00 00:00:00','0000-00-00 00:00:00',0),(2,1,NULL,'ADATA832G.sql',12093,16,1024,5109883138103869872,1,644,1001,513,'0000-00-00 00:00:00','0000-00-00 00:00:00','0000-00-00 00:00:00','0000-00-00 00:00:00',0),(2,1,NULL,'github.txt',38,16,1024,9223372036854775807,1,644,1001,513,'0000-00-00 00:00:00','0000-00-00 00:00:00','0000-00-00 00:00:00','0000-00-00 00:00:00',0),(2,1,NULL,'MediaID.bin',528,16,1024,9223372036854775807,1,444,1001,513,'0000-00-00 00:00:00','0000-00-00 00:00:00','0000-00-00 00:00:00','0000-00-00 00:00:00',0),(2,1,NULL,'PK22G.sql',214145,224,1024,9223372036854775807,1,644,1001,513,'0000-00-00 00:00:00','0000-00-00 00:00:00','0000-00-00 00:00:00','0000-00-00 00:00:00',0),(2,1,NULL,'The History of Ethernet.avi',24532122,23968,1024,9223372036854775807,1,644,1001,513,'0000-00-00 00:00:00','0000-00-00 00:00:00','0000-00-00 00:00:00','0000-00-00 00:00:00',0),(2,1,NULL,'Win7Apps.vdi.bz2',3341884347,3263568,1024,9223372036854775807,1,644,1001,513,'0000-00-00 00:00:00','0000-00-00 00:00:00','0000-00-00 00:00:00','0000-00-00 00:00:00',0),(2,1,NULL,'Windoze7Apps.vdi.bz2',1387800737,1355280,1024,4054345288090424123,1,644,1001,513,'0000-00-00 00:00:00','0000-00-00 00:00:00','0000-00-00 00:00:00','0000-00-00 00:00:00',0),(2,2,NULL,'IndexerVolumeGuid',76,16,1024,1562246939324811890,1,644,1001,513,'0000-00-00 00:00:00','0000-00-00 00:00:00','0000-00-00 00:00:00','0000-00-00 00:00:00',0),(2,2,NULL,'WPSettings.dat',12,16,1024,30073392377724821,1,644,1001,513,'0000-00-00 00:00:00','0000-00-00 00:00:00','0000-00-00 00:00:00','0000-00-00 00:00:00',0),(2,3,NULL,'20161005103203.DN',713,16,1024,958489101729870216,1,644,1001,513,'0000-00-00 00:00:00','0000-00-00 00:00:00','0000-00-00 00:00:00','0000-00-00 00:00:00',0),(2,3,NULL,'20161022090516.DN',477,16,1024,4226604072555852027,1,644,1001,513,'0000-00-00 00:00:00','0000-00-00 00:00:00','0000-00-00 00:00:00','0000-00-00 00:00:00',0),(2,3,NULL,'all.dum',116774,128,1024,9223372036854775807,1,644,1001,513,'0000-00-00 00:00:00','0000-00-00 00:00:00','0000-00-00 00:00:00','0000-00-00 00:00:00',0),(2,3,NULL,'ASUSemail.odt',24672,32,1024,4889911560196264757,1,644,1001,513,'0000-00-00 00:00:00','0000-00-00 00:00:00','0000-00-00 00:00:00','0000-00-00 00:00:00',0),(2,3,NULL,'ASUSemail.pdf',56542,64,1024,4889911564499493544,1,644,1001,513,'0000-00-00 00:00:00','0000-00-00 00:00:00','0000-00-00 00:00:00','0000-00-00 00:00:00',0),(2,3,NULL,'CEGEP1109.zip',149280530,145792,1024,9223372036854775807,1,644,1001,513,'0000-00-00 00:00:00','0000-00-00 00:00:00','0000-00-00 00:00:00','0000-00-00 00:00:00',0),(2,3,NULL,'CEGEP1112.zip',161266176,157488,1024,9223372036854775807,1,644,1001,513,'0000-00-00 00:00:00','0000-00-00 00:00:00','0000-00-00 00:00:00','0000-00-00 00:00:00',0),(2,3,NULL,'DSCN6300.JPG',2055080,2016,1024,5544052415363177234,1,644,1001,513,'0000-00-00 00:00:00','0000-00-00 00:00:00','0000-00-00 00:00:00','0000-00-00 00:00:00',0),(2,3,NULL,'grub2.cfg',4401,16,1024,4011753461753926184,1,644,1001,513,'0000-00-00 00:00:00','0000-00-00 00:00:00','0000-00-00 00:00:00','0000-00-00 00:00:00',0),(2,3,NULL,'HSK6Whole.txt',351897,352,1024,9223372036854775807,1,644,1001,513,'0000-00-00 00:00:00','0000-00-00 00:00:00','0000-00-00 00:00:00','0000-00-00 00:00:00',0),(2,3,NULL,'LvL1BAns.txt',365,16,1024,9223372036854775807,1,644,1001,513,'0000-00-00 00:00:00','0000-00-00 00:00:00','0000-00-00 00:00:00','0000-00-00 00:00:00',0),(2,3,NULL,'QQ.7z',440785487,430464,1024,9223372036854775807,1,644,1001,513,'0000-00-00 00:00:00','0000-00-00 00:00:00','0000-00-00 00:00:00','0000-00-00 00:00:00',0),(2,3,NULL,'RMA CheckList_Rev2.5.pdf',102307,112,1024,2890981191802686677,1,644,1001,513,'0000-00-00 00:00:00','0000-00-00 00:00:00','0000-00-00 00:00:00','0000-00-00 00:00:00',0),(2,3,NULL,'RMASL2CheckList_Rev2.5.pdf',101569,112,1024,9223372036854775807,1,644,1001,513,'0000-00-00 00:00:00','0000-00-00 00:00:00','0000-00-00 00:00:00','0000-00-00 00:00:00',0),(2,3,NULL,'RMASLCheckList_Rev2.5.pdf',101108,112,1024,9223372036854775807,1,644,1001,513,'0000-00-00 00:00:00','0000-00-00 00:00:00','0000-00-00 00:00:00','0000-00-00 00:00:00',0),(2,3,NULL,'ScanMain.js',3413,16,1024,9223372036854775807,1,644,1001,513,'0000-00-00 00:00:00','0000-00-00 00:00:00','0000-00-00 00:00:00','0000-00-00 00:00:00',0),(2,3,NULL,'slacasse0406.html',7411,16,1024,797424358535198984,1,644,1001,513,'0000-00-00 00:00:00','0000-00-00 00:00:00','0000-00-00 00:00:00','0000-00-00 00:00:00',0),(2,3,NULL,'Volume_1.dum',3275959,3200,1024,7122363232155277250,1,644,1001,513,'0000-00-00 00:00:00','0000-00-00 00:00:00','0000-00-00 00:00:00','0000-00-00 00:00:00',0),(2,3,NULL,'Volume_1.fl',41467687,40496,1024,357519689033759680,1,644,1001,513,'0000-00-00 00:00:00','0000-00-00 00:00:00','0000-00-00 00:00:00','0000-00-00 00:00:00',0),(2,4,NULL,'File Hashes.txt',330,16,1024,4190348316079261728,1,644,1001,513,'0000-00-00 00:00:00','0000-00-00 00:00:00','0000-00-00 00:00:00','0000-00-00 00:00:00',0),(2,4,NULL,'GRTMPVOL_EN.iso',721747968,704832,1024,9223372036854775807,1,644,1001,513,'0000-00-00 00:00:00','0000-00-00 00:00:00','0000-00-00 00:00:00','0000-00-00 00:00:00',0),(2,4,NULL,'How To.txt',288,16,1024,9223372036854775807,1,644,1001,513,'0000-00-00 00:00:00','0000-00-00 00:00:00','0000-00-00 00:00:00','0000-00-00 00:00:00',0),(2,4,NULL,'Torrent downloaded from Demonoid.com.txt',47,16,1024,9223372036854775807,1,644,1001,513,'0000-00-00 00:00:00','0000-00-00 00:00:00','0000-00-00 00:00:00','0000-00-00 00:00:00',0),(2,4,NULL,'Updates.txt',15229,16,1024,5324850882306722410,1,644,1001,513,'0000-00-00 00:00:00','0000-00-00 00:00:00','0000-00-00 00:00:00','0000-00-00 00:00:00',0),(2,5,NULL,'Border.bmp',89156,96,1024,9223372036854775807,1,644,1001,513,'0000-00-00 00:00:00','0000-00-00 00:00:00','0000-00-00 00:00:00','0000-00-00 00:00:00',0),(2,5,NULL,'Cursor.bmp',3868,16,1024,9223372036854775807,1,644,1001,513,'0000-00-00 00:00:00','0000-00-00 00:00:00','0000-00-00 00:00:00','0000-00-00 00:00:00',0),(2,5,NULL,'Package.png',178265,176,1024,6056067540524081471,1,644,1001,513,'0000-00-00 00:00:00','0000-00-00 00:00:00','0000-00-00 00:00:00','0000-00-00 00:00:00',0),(2,5,NULL,'StartMenu.bmp',590588,592,1024,1274479885406394102,1,644,1001,513,'0000-00-00 00:00:00','0000-00-00 00:00:00','0000-00-00 00:00:00','0000-00-00 00:00:00',0),(2,5,NULL,'SystemProperties.bmp',238208,240,1024,7652258673713765979,1,644,1001,513,'0000-00-00 00:00:00','0000-00-00 00:00:00','0000-00-00 00:00:00','0000-00-00 00:00:00',0),(2,6,NULL,'0115.dum',25368,32,1024,7298525549165509000,1,644,1001,513,'0000-00-00 00:00:00','0000-00-00 00:00:00','0000-00-00 00:00:00','0000-00-00 00:00:00',0),(2,6,NULL,'0115.ls',625289,624,1024,6299939115061185019,1,644,1001,513,'0000-00-00 00:00:00','0000-00-00 00:00:00','0000-00-00 00:00:00','0000-00-00 00:00:00',0),(2,6,NULL,'0115.ls.dum',10,16,1024,8286982659418252489,1,644,1001,513,'0000-00-00 00:00:00','0000-00-00 00:00:00','0000-00-00 00:00:00','0000-00-00 00:00:00',0),(2,6,NULL,'1202.dum',63545,64,1024,9223372036854775807,1,644,1001,513,'0000-00-00 00:00:00','0000-00-00 00:00:00','0000-00-00 00:00:00','0000-00-00 00:00:00',0),(2,6,NULL,'1202.ls',1484332,1456,1024,5665988082795939965,1,644,1001,513,'0000-00-00 00:00:00','0000-00-00 00:00:00','0000-00-00 00:00:00','0000-00-00 00:00:00',0),(2,6,NULL,'1202.ls.dum',10,16,1024,4184513578664141131,1,644,1001,513,'0000-00-00 00:00:00','0000-00-00 00:00:00','0000-00-00 00:00:00','0000-00-00 00:00:00',0),(2,6,NULL,'all.dum',1418021,1392,1024,9223372036854775807,1,644,1001,513,'0000-00-00 00:00:00','0000-00-00 00:00:00','0000-00-00 00:00:00','0000-00-00 00:00:00',0),(2,6,NULL,'all.dum.dum',10,16,1024,5335790963592750376,1,644,1001,513,'0000-00-00 00:00:00','0000-00-00 00:00:00','0000-00-00 00:00:00','0000-00-00 00:00:00',0),(2,6,NULL,'all.dum.ls',75,16,1024,297595863061673563,1,644,1001,513,'0000-00-00 00:00:00','0000-00-00 00:00:00','0000-00-00 00:00:00','0000-00-00 00:00:00',0),(2,6,NULL,'all.dum.ls.dum',13,16,1024,9223372036854775807,1,644,1001,513,'0000-00-00 00:00:00','0000-00-00 00:00:00','0000-00-00 00:00:00','0000-00-00 00:00:00',0),(2,6,NULL,'all.ls',37680546,36800,1024,5975033509170881961,1,644,1001,513,'0000-00-00 00:00:00','0000-00-00 00:00:00','0000-00-00 00:00:00','0000-00-00 00:00:00',0),(2,6,NULL,'macbk0103.dum',69422,80,1024,9223372036854775807,1,644,1001,513,'0000-00-00 00:00:00','0000-00-00 00:00:00','0000-00-00 00:00:00','0000-00-00 00:00:00',0),(2,6,NULL,'macbk0103.ls',1693475,1664,1024,1673135279388375694,1,644,1001,513,'0000-00-00 00:00:00','0000-00-00 00:00:00','0000-00-00 00:00:00','0000-00-00 00:00:00',0),(2,6,NULL,'macbk0103.ls.dum',15,16,1024,4760068049813086812,1,644,1001,513,'0000-00-00 00:00:00','0000-00-00 00:00:00','0000-00-00 00:00:00','0000-00-00 00:00:00',0),(2,6,NULL,'macbk0125.dum',26138,32,1024,1934250849069002293,1,644,1001,513,'0000-00-00 00:00:00','0000-00-00 00:00:00','0000-00-00 00:00:00','0000-00-00 00:00:00',0),(2,6,NULL,'macbk0125.ls',682154,672,1024,1815767934493301262,1,644,1001,513,'0000-00-00 00:00:00','0000-00-00 00:00:00','0000-00-00 00:00:00','0000-00-00 00:00:00',0),(2,6,NULL,'macbk0125.ls.dum',15,16,1024,9223372036854775807,1,644,1001,513,'0000-00-00 00:00:00','0000-00-00 00:00:00','0000-00-00 00:00:00','0000-00-00 00:00:00',0),(2,6,NULL,'macbk1006.dum',974394,960,1024,6932390267617791478,1,644,1001,513,'0000-00-00 00:00:00','0000-00-00 00:00:00','0000-00-00 00:00:00','0000-00-00 00:00:00',0),(2,6,NULL,'macbk1006.ls',26449303,25840,1024,9223372036854775807,1,644,1001,513,'0000-00-00 00:00:00','0000-00-00 00:00:00','0000-00-00 00:00:00','0000-00-00 00:00:00',0),(2,6,NULL,'macbk1006.ls.dum',16,16,1024,7125137290602660571,1,644,1001,513,'0000-00-00 00:00:00','0000-00-00 00:00:00','0000-00-00 00:00:00','0000-00-00 00:00:00',0),(2,6,NULL,'macbk1024.dum',40960,48,1024,9223372036854775807,1,644,1001,513,'0000-00-00 00:00:00','0000-00-00 00:00:00','0000-00-00 00:00:00','0000-00-00 00:00:00',0),(2,6,NULL,'macbk1024.ls',616127,608,1024,9223372036854775807,1,644,1001,513,'0000-00-00 00:00:00','0000-00-00 00:00:00','0000-00-00 00:00:00','0000-00-00 00:00:00',0),(2,6,NULL,'macbk1024.ls.dum',15,16,1024,9223372036854775807,1,644,1001,513,'0000-00-00 00:00:00','0000-00-00 00:00:00','0000-00-00 00:00:00','0000-00-00 00:00:00',0),(2,6,NULL,'macbk1106.dum',42274,48,1024,9223372036854775807,1,644,1001,513,'0000-00-00 00:00:00','0000-00-00 00:00:00','0000-00-00 00:00:00','0000-00-00 00:00:00',0),(2,6,NULL,'macbk1106.ls',694810,688,1024,8376169660472466252,1,644,1001,513,'0000-00-00 00:00:00','0000-00-00 00:00:00','0000-00-00 00:00:00','0000-00-00 00:00:00',0),(2,6,NULL,'macbk1106.ls.dum',15,16,1024,9223372036854775807,1,644,1001,513,'0000-00-00 00:00:00','0000-00-00 00:00:00','0000-00-00 00:00:00','0000-00-00 00:00:00',0),(2,6,NULL,'macbk1220.dum',69078,80,1024,5382045767938618224,1,644,1001,513,'0000-00-00 00:00:00','0000-00-00 00:00:00','0000-00-00 00:00:00','0000-00-00 00:00:00',0),(2,6,NULL,'macbk1220.ls',1633699,1600,1024,1252286367262168595,1,644,1001,513,'0000-00-00 00:00:00','0000-00-00 00:00:00','0000-00-00 00:00:00','0000-00-00 00:00:00',0),(2,6,NULL,'macbk1220.ls.dum',15,16,1024,181251411084417249,1,644,1001,513,'0000-00-00 00:00:00','0000-00-00 00:00:00','0000-00-00 00:00:00','0000-00-00 00:00:00',0),(2,6,NULL,'macbk1227.dum',69215,80,1024,5879284048263040119,1,644,1001,513,'0000-00-00 00:00:00','0000-00-00 00:00:00','0000-00-00 00:00:00','0000-00-00 00:00:00',0),(2,6,NULL,'macbk1227.ls',1641847,1616,1024,1254262379804986188,1,644,1001,513,'0000-00-00 00:00:00','0000-00-00 00:00:00','0000-00-00 00:00:00','0000-00-00 00:00:00',0),(2,6,NULL,'macbk1227.ls.dum',15,16,1024,9223372036854775807,1,644,1001,513,'0000-00-00 00:00:00','0000-00-00 00:00:00','0000-00-00 00:00:00','0000-00-00 00:00:00',0),(2,7,NULL,'CEGEP1011.zip',46030852,44960,1024,9223372036854775807,1,644,1001,513,'0000-00-00 00:00:00','0000-00-00 00:00:00','0000-00-00 00:00:00','0000-00-00 00:00:00',0),(2,7,NULL,'NetworkMiner_2-0.zip',1468976,1440,1024,6560025907035568720,1,644,1001,513,'0000-00-00 00:00:00','0000-00-00 00:00:00','0000-00-00 00:00:00','0000-00-00 00:00:00',0),(2,7,NULL,'NetworkMiner_2-0_source.zip',5144119,5024,1024,3613349732990091376,1,644,1001,513,'0000-00-00 00:00:00','0000-00-00 00:00:00','0000-00-00 00:00:00','0000-00-00 00:00:00',0),(2,8,NULL,'1-intro_outils.zip',2759869,2704,1024,9223372036854775807,1,644,1001,513,'0000-00-00 00:00:00','0000-00-00 00:00:00','0000-00-00 00:00:00','0000-00-00 00:00:00',0),(2,8,NULL,'3_lab_1.1.1.8_-_Researching_Network_Collaboration_Tools.pdf',2210025,2160,1024,9223372036854775807,1,644,1001,513,'0000-00-00 00:00:00','0000-00-00 00:00:00','0000-00-00 00:00:00','0000-00-00 00:00:00',0),(2,8,NULL,'420-275-MA_Architecture_dun_reseau_informatique_A2016_JR_15613.p',405703,400,1024,9223372036854775807,1,644,1001,513,'0000-00-00 00:00:00','0000-00-00 00:00:00','0000-00-00 00:00:00','0000-00-00 00:00:00',0),(2,8,NULL,'Agenda_CCNA_15613.docx',16365,16,1024,9223372036854775807,1,644,1001,513,'0000-00-00 00:00:00','0000-00-00 00:00:00','0000-00-00 00:00:00','0000-00-00 00:00:00',0),(2,8,NULL,'Chapitre_2_et_laboratoires.zip',1765296,1728,1024,3928283719615196101,1,644,1001,513,'0000-00-00 00:00:00','0000-00-00 00:00:00','0000-00-00 00:00:00','0000-00-00 00:00:00',0),(2,8,NULL,'reseau2.3.3.4.png',12112,16,1024,9223372036854775807,1,644,1001,513,'0000-00-00 00:00:00','0000-00-00 00:00:00','0000-00-00 00:00:00','0000-00-00 00:00:00',0),(2,8,NULL,'Steps1012.txt',117,16,1024,9223372036854775807,1,644,1001,513,'0000-00-00 00:00:00','0000-00-00 00:00:00','0000-00-00 00:00:00','0000-00-00 00:00:00',0),(2,9,NULL,'2.3.3.4_Lab_-_Building_a_Simple_Network(1).docx',502958,496,1024,1274985416859686159,1,644,1001,513,'0000-00-00 00:00:00','0000-00-00 00:00:00','0000-00-00 00:00:00','0000-00-00 00:00:00',0),(2,9,NULL,'2.3.3.4_Lab_-_Building_a_Simple_Network.docx',502958,496,1024,9223372036854775807,1,644,1001,513,'0000-00-00 00:00:00','0000-00-00 00:00:00','0000-00-00 00:00:00','0000-00-00 00:00:00',0),(2,9,NULL,'2.3.3.5_Lab_-_Configuring_a_Switch_Management_Address.docx',155710,160,1024,3896472906589462317,1,644,1001,513,'0000-00-00 00:00:00','0000-00-00 00:00:00','0000-00-00 00:00:00','0000-00-00 00:00:00',0),(2,9,NULL,'3.3.3.4_Lab_-_Using_Wireshark_to_View_Network_Traffic(1).docx',1751419,1712,1024,5075483368810448290,1,644,1001,513,'0000-00-00 00:00:00','0000-00-00 00:00:00','0000-00-00 00:00:00','0000-00-00 00:00:00',0),(2,9,NULL,'3.3.3.4_Lab_-_Using_Wireshark_to_View_Network_Traffic.docx',1751419,1712,1024,7681244279426850842,1,644,1001,513,'0000-00-00 00:00:00','0000-00-00 00:00:00','0000-00-00 00:00:00','0000-00-00 00:00:00',0),(2,9,NULL,'3.3.3.4_Lab_-_Using_Wireshark_to_View_Network_Traffic_-_ILM.docx',1761304,1728,1024,8791411957353395745,1,644,1001,513,'0000-00-00 00:00:00','0000-00-00 00:00:00','0000-00-00 00:00:00','0000-00-00 00:00:00',0),(2,9,NULL,'ToDo.txt',58,16,1024,6289874712734482544,1,644,1001,513,'0000-00-00 00:00:00','0000-00-00 00:00:00','0000-00-00 00:00:00','0000-00-00 00:00:00',0),(2,9,NULL,'Wireshark.pdf',2190886,2144,1024,1751322025231059644,1,644,1001,513,'0000-00-00 00:00:00','0000-00-00 00:00:00','0000-00-00 00:00:00','0000-00-00 00:00:00',0),(2,10,NULL,'Cours_5_chapitre_3MustNonNote.zip',1751573,1712,1024,3332773619153662201,1,644,1001,513,'0000-00-00 00:00:00','0000-00-00 00:00:00','0000-00-00 00:00:00','0000-00-00 00:00:00',0),(2,10,NULL,'cours6_chapitre4_access_reseau.zip',2307657,2256,1024,9223372036854775807,1,644,1001,513,'0000-00-00 00:00:00','0000-00-00 00:00:00','0000-00-00 00:00:00','0000-00-00 00:00:00',0),(2,10,NULL,'Le_modele_OSI.pdf',290337,288,1024,6462909851787260449,1,644,1001,513,'0000-00-00 00:00:00','0000-00-00 00:00:00','0000-00-00 00:00:00','0000-00-00 00:00:00',0),(2,11,NULL,'1.3.1.3_Lab_-_Mapping_the_Internet.docx',947500,928,1024,8271744123279220220,1,644,1001,513,'0000-00-00 00:00:00','0000-00-00 00:00:00','0000-00-00 00:00:00','0000-00-00 00:00:00',0),(2,11,NULL,'6_Intro_a_Packet_Tracer.pdf',851103,832,1024,4873191784458445281,1,644,1001,513,'0000-00-00 00:00:00','0000-00-00 00:00:00','0000-00-00 00:00:00','0000-00-00 00:00:00',0),(2,11,NULL,'7_Labo_Reseau_pair-a-pair.pdf',1050316,1040,1024,7882626147826701375,1,644,1001,513,'0000-00-00 00:00:00','0000-00-00 00:00:00','0000-00-00 00:00:00','0000-00-00 00:00:00',0),(2,11,NULL,'8-Reseau_local_switch.pdf',711715,704,1024,3145499243930340656,1,644,1001,513,'0000-00-00 00:00:00','0000-00-00 00:00:00','0000-00-00 00:00:00','0000-00-00 00:00:00',0),(2,12,NULL,'2_ITN_instructorPPT_Chapter1.pdf',1689620,1664,1024,9223372036854775807,1,644,1001,513,'0000-00-00 00:00:00','0000-00-00 00:00:00','0000-00-00 00:00:00','0000-00-00 00:00:00',0),(2,12,NULL,'3_lab_1.1.1.8_-_Researching_Network_Collaboration_Tools.pdf',2210025,2160,1024,1950883633994123812,1,644,1001,513,'0000-00-00 00:00:00','0000-00-00 00:00:00','0000-00-00 00:00:00','0000-00-00 00:00:00',0),(2,12,NULL,'SL3_lab_1.1.1.8_-_Researching_Network_Collaboration_Tools.pdf',2188078,2144,1024,9223372036854775807,1,644,1001,513,'0000-00-00 00:00:00','0000-00-00 00:00:00','0000-00-00 00:00:00','0000-00-00 00:00:00',0),(2,14,NULL,'ITN_instructorPPT_Chapter3.pdf',1320407,1296,1024,9223372036854775807,1,644,1001,513,'0000-00-00 00:00:00','0000-00-00 00:00:00','0000-00-00 00:00:00','0000-00-00 00:00:00',0),(2,15,NULL,'3.2.4.6 Packet Tracer - Investigating the TCP-IP and OSI Models ',86437,96,1024,5006232248762938441,1,644,1001,513,'0000-00-00 00:00:00','0000-00-00 00:00:00','0000-00-00 00:00:00','0000-00-00 00:00:00',0),(2,15,NULL,'3.2.4.6 Packet Tracer - Investigating the TCP-IP and OSI Models ',70203,80,1024,9223372036854775807,1,644,1001,513,'0000-00-00 00:00:00','0000-00-00 00:00:00','0000-00-00 00:00:00','0000-00-00 00:00:00',0),(2,15,NULL,'3.3.3.3 Packet Tracer - Explore a Network Instructions.docx',151719,160,1024,9223372036854775807,1,644,1001,513,'0000-00-00 00:00:00','0000-00-00 00:00:00','0000-00-00 00:00:00','0000-00-00 00:00:00',0),(2,15,NULL,'3.3.3.3 Packet Tracer - Explore a Network.pka',405056,400,1024,9223372036854775807,1,644,1001,513,'0000-00-00 00:00:00','0000-00-00 00:00:00','0000-00-00 00:00:00','0000-00-00 00:00:00',0),(2,16,NULL,'ITN_instructorPPT_Chapter4.pdf',2537975,2480,1024,8437472031238809276,1,644,1001,513,'0000-00-00 00:00:00','0000-00-00 00:00:00','0000-00-00 00:00:00','0000-00-00 00:00:00',0),(2,17,NULL,'4.2.4.5 Packet Tracer - Connecting a Wired and Wireless LAN Inst',113644,112,1024,3120612115268070848,1,644,1001,513,'0000-00-00 00:00:00','0000-00-00 00:00:00','0000-00-00 00:00:00','0000-00-00 00:00:00',0),(2,17,NULL,'4.2.4.5 Packet Tracer - Connecting a Wired and Wireless LAN.pka',127091,128,1024,7971163145583706639,1,644,1001,513,'0000-00-00 00:00:00','0000-00-00 00:00:00','0000-00-00 00:00:00','0000-00-00 00:00:00',0),(2,18,NULL,'1.2.4.4_Packet_Tracer_-_Representing_the_Network_Instructions.do',133123,144,1024,9063907935221414212,1,644,1001,513,'0000-00-00 00:00:00','0000-00-00 00:00:00','0000-00-00 00:00:00','0000-00-00 00:00:00',0),(2,18,NULL,'1.3.1.3_Lab_-_Mapping_the_Internet.docx',947500,928,1024,9223372036854775807,1,644,1001,513,'0000-00-00 00:00:00','0000-00-00 00:00:00','0000-00-00 00:00:00','0000-00-00 00:00:00',0),(2,18,NULL,'2.3.3.4_Lab_-_Building_a_Simple_Network.docx',502958,496,1024,9223372036854775807,1,644,1001,513,'0000-00-00 00:00:00','0000-00-00 00:00:00','0000-00-00 00:00:00','0000-00-00 00:00:00',0),(2,18,NULL,'2.3.3.5_Lab_-_Configuring_a_Switch_Management_Address.docx',155710,160,1024,9223372036854775807,1,644,1001,513,'0000-00-00 00:00:00','0000-00-00 00:00:00','0000-00-00 00:00:00','0000-00-00 00:00:00',0),(2,18,NULL,'3.3.3.4_Lab_-_Using_Wireshark_to_View_Network_Traffic.docx',1751419,1712,1024,9223372036854775807,1,644,1001,513,'0000-00-00 00:00:00','0000-00-00 00:00:00','0000-00-00 00:00:00','0000-00-00 00:00:00',0),(2,18,NULL,'4.2.4.6_Lab_-_Viewing_Wired_and_Wireless_NIC_Information.docx',453390,448,1024,9223372036854775807,1,644,1001,513,'0000-00-00 00:00:00','0000-00-00 00:00:00','0000-00-00 00:00:00','0000-00-00 00:00:00',0),(2,18,NULL,'5.1.3.6_Lab_-_Viewing_Network_Device_MAC_Addresses.docx',133636,144,1024,2952525615964018272,1,644,1001,513,'0000-00-00 00:00:00','0000-00-00 00:00:00','0000-00-00 00:00:00','0000-00-00 00:00:00',0),(2,18,NULL,'5.1.4.3_Lab_-_Using_Wireshark_to_Examine_Ethernet_Frames.docx',429531,432,1024,9223372036854775807,1,644,1001,513,'0000-00-00 00:00:00','0000-00-00 00:00:00','0000-00-00 00:00:00','0000-00-00 00:00:00',0),(2,18,NULL,'5.2.1.8_Lab_-_Observing_ARP_with_the_Windows_CLI_IOS_CLI_and_Wir',371098,368,1024,5044012843272722130,1,644,1001,513,'0000-00-00 00:00:00','0000-00-00 00:00:00','0000-00-00 00:00:00','0000-00-00 00:00:00',0),(2,19,NULL,'Lab1313.txt',6791,16,1024,681360824836406244,1,644,1001,513,'0000-00-00 00:00:00','0000-00-00 00:00:00','0000-00-00 00:00:00','0000-00-00 00:00:00',0),(2,19,NULL,'p2p.pkt',67043,80,1024,9223372036854775807,1,644,1001,513,'0000-00-00 00:00:00','0000-00-00 00:00:00','0000-00-00 00:00:00','0000-00-00 00:00:00',0),(2,19,NULL,'SimpleDHCP.pkt',106150,112,1024,9223372036854775807,1,644,1001,513,'0000-00-00 00:00:00','0000-00-00 00:00:00','0000-00-00 00:00:00','0000-00-00 00:00:00',0),(2,19,NULL,'www_subnetonline_com.txt',1378,16,1024,233991227057201003,1,644,1001,513,'0000-00-00 00:00:00','0000-00-00 00:00:00','0000-00-00 00:00:00','0000-00-00 00:00:00',0),(2,20,NULL,'Exercice_ISR.pkt',48142,48,1024,4470192781345850060,1,644,1001,513,'0000-00-00 00:00:00','0000-00-00 00:00:00','0000-00-00 00:00:00','0000-00-00 00:00:00',0),(2,20,NULL,'ExerciceA_connexion.pkt',23869,32,1024,8151502454496284094,1,644,1001,513,'0000-00-00 00:00:00','0000-00-00 00:00:00','0000-00-00 00:00:00','0000-00-00 00:00:00',0),(2,21,NULL,'PT.conf',1578,16,1024,1315189331108298358,1,644,1001,513,'0000-00-00 00:00:00','0000-00-00 00:00:00','0000-00-00 00:00:00','0000-00-00 00:00:00',0),(2,23,NULL,'Lab2.3.3.4.pkt',6638,16,1024,2434655909368419902,1,644,1001,513,'0000-00-00 00:00:00','0000-00-00 00:00:00','0000-00-00 00:00:00','0000-00-00 00:00:00',0),(2,25,NULL,'420-8A8__Installation_et_configuration_d_un_reseau_personnel_Grp',98976,112,1024,9223372036854775807,1,644,1001,513,'0000-00-00 00:00:00','0000-00-00 00:00:00','0000-00-00 00:00:00','0000-00-00 00:00:00',0),(2,25,NULL,'Comptes_utilisateurs_et_autorisations_NTFS.pdf',517789,512,1024,9223372036854775807,1,644,1001,513,'0000-00-00 00:00:00','0000-00-00 00:00:00','0000-00-00 00:00:00','0000-00-00 00:00:00',0),(2,25,NULL,'Exercices_comptes_utilisateurs_et_autorisations_ntfs.docx',17876,32,1024,4295824940654473462,1,644,1001,513,'0000-00-00 00:00:00','0000-00-00 00:00:00','0000-00-00 00:00:00','0000-00-00 00:00:00',0),(2,25,NULL,'Module_1__Installation_de_Windows_7_VirtualBox.pdf',1109721,1088,1024,1912000991380074095,1,644,1001,513,'0000-00-00 00:00:00','0000-00-00 00:00:00','0000-00-00 00:00:00','0000-00-00 00:00:00',0),(2,25,NULL,'Plan_de_cours-420-8A1-MA.pdf',463585,464,1024,7391106273655021875,1,644,1001,513,'0000-00-00 00:00:00','0000-00-00 00:00:00','0000-00-00 00:00:00','0000-00-00 00:00:00',0),(2,25,NULL,'SLExercice_Concepts_generaux.docx',98933,112,1024,5366330640465161441,1,644,1001,513,'0000-00-00 00:00:00','0000-00-00 00:00:00','0000-00-00 00:00:00','0000-00-00 00:00:00',0),(2,25,NULL,'SLExercices_comptes_utilisateurs_et_autorisations_ntfs.doc',1157120,1136,1024,9223372036854775807,1,644,1001,513,'0000-00-00 00:00:00','0000-00-00 00:00:00','0000-00-00 00:00:00','0000-00-00 00:00:00',0),(2,25,NULL,'Windows_7_Vue_densemble.docx',109622,112,1024,9223372036854775807,1,644,1001,513,'0000-00-00 00:00:00','0000-00-00 00:00:00','0000-00-00 00:00:00','0000-00-00 00:00:00',0),(2,26,NULL,'Age.js',458,16,1024,5153556949272616484,1,644,1001,513,'0000-00-00 00:00:00','0000-00-00 00:00:00','0000-00-00 00:00:00','0000-00-00 00:00:00',0),(2,26,NULL,'DixEx1.txt',1230,16,1024,9223372036854775807,1,644,1001,513,'0000-00-00 00:00:00','0000-00-00 00:00:00','0000-00-00 00:00:00','0000-00-00 00:00:00',0),(2,26,NULL,'Fichier.js',242,16,1024,932183124608515221,1,644,1001,513,'0000-00-00 00:00:00','0000-00-00 00:00:00','0000-00-00 00:00:00','0000-00-00 00:00:00',0),(2,26,NULL,'JavaScriptObjects.pdf',318814,320,1024,5005991412042906175,1,644,1001,513,'0000-00-00 00:00:00','0000-00-00 00:00:00','0000-00-00 00:00:00','0000-00-00 00:00:00',0),(2,26,NULL,'TestInFile.js',285,16,1024,9223372036854775807,1,644,1001,513,'0000-00-00 00:00:00','0000-00-00 00:00:00','0000-00-00 00:00:00','0000-00-00 00:00:00',0),(2,26,NULL,'Tp3.txt',39,16,1024,48075578838464557,1,644,1001,513,'0000-00-00 00:00:00','0000-00-00 00:00:00','0000-00-00 00:00:00','0000-00-00 00:00:00',0),(2,26,NULL,'Tutorat.txt',912,16,1024,679626032927847199,1,644,1001,513,'0000-00-00 00:00:00','0000-00-00 00:00:00','0000-00-00 00:00:00','0000-00-00 00:00:00',0),(2,27,NULL,'Ex1.js',100,16,1024,4911536907237850942,1,644,1001,513,'0000-00-00 00:00:00','0000-00-00 00:00:00','0000-00-00 00:00:00','0000-00-00 00:00:00',0),(2,27,NULL,'Ex2.js',356,16,1024,4911819194743967741,1,644,1001,513,'0000-00-00 00:00:00','0000-00-00 00:00:00','0000-00-00 00:00:00','0000-00-00 00:00:00',0),(2,27,NULL,'Ex3.js',355,16,1024,4912101482250084540,1,644,1001,513,'0000-00-00 00:00:00','0000-00-00 00:00:00','0000-00-00 00:00:00','0000-00-00 00:00:00',0),(2,27,NULL,'Ex4.js',399,16,1024,4912383769756201339,1,644,1001,513,'0000-00-00 00:00:00','0000-00-00 00:00:00','0000-00-00 00:00:00','0000-00-00 00:00:00',0),(2,27,NULL,'Ex5.js',338,16,1024,4912666057262318138,1,644,1001,513,'0000-00-00 00:00:00','0000-00-00 00:00:00','0000-00-00 00:00:00','0000-00-00 00:00:00',0),(2,27,NULL,'Ex6.js',270,16,1024,4912948344768434937,1,644,1001,513,'0000-00-00 00:00:00','0000-00-00 00:00:00','0000-00-00 00:00:00','0000-00-00 00:00:00',0),(2,27,NULL,'Ex7.js',332,16,1024,4913230632274551736,1,644,1001,513,'0000-00-00 00:00:00','0000-00-00 00:00:00','0000-00-00 00:00:00','0000-00-00 00:00:00',0),(2,27,NULL,'Ex8.js',370,16,1024,4913512919780668535,1,644,1001,513,'0000-00-00 00:00:00','0000-00-00 00:00:00','0000-00-00 00:00:00','0000-00-00 00:00:00',0),(2,27,NULL,'HW1.js',247,16,1024,1494473996102190074,1,644,1001,513,'0000-00-00 00:00:00','0000-00-00 00:00:00','0000-00-00 00:00:00','0000-00-00 00:00:00',0),(2,27,NULL,'HW1.txt',721,16,1024,9223372036854775807,1,644,1001,513,'0000-00-00 00:00:00','0000-00-00 00:00:00','0000-00-00 00:00:00','0000-00-00 00:00:00',0),(2,27,NULL,'HW2.js',303,16,1024,1494756283608306873,1,644,1001,513,'0000-00-00 00:00:00','0000-00-00 00:00:00','0000-00-00 00:00:00','0000-00-00 00:00:00',0),(2,27,NULL,'HW3.js',223,16,1024,1495038571114423672,1,644,1001,513,'0000-00-00 00:00:00','0000-00-00 00:00:00','0000-00-00 00:00:00','0000-00-00 00:00:00',0),(2,27,NULL,'HW4.js',162,16,1024,1495320858620540471,1,644,1001,513,'0000-00-00 00:00:00','0000-00-00 00:00:00','0000-00-00 00:00:00','0000-00-00 00:00:00',0),(2,27,NULL,'HW5.js',128,16,1024,1495603146126657270,1,644,1001,513,'0000-00-00 00:00:00','0000-00-00 00:00:00','0000-00-00 00:00:00','0000-00-00 00:00:00',0),(2,27,NULL,'TP1.zip',1729,16,1024,9223372036854775807,1,644,1001,513,'0000-00-00 00:00:00','0000-00-00 00:00:00','0000-00-00 00:00:00','0000-00-00 00:00:00',0),(2,28,NULL,'Probleme1.js',76,16,1024,9223372036854775807,1,644,1001,513,'0000-00-00 00:00:00','0000-00-00 00:00:00','0000-00-00 00:00:00','0000-00-00 00:00:00',0),(2,28,NULL,'Probleme2.js',97,16,1024,9223372036854775807,1,644,1001,513,'0000-00-00 00:00:00','0000-00-00 00:00:00','0000-00-00 00:00:00','0000-00-00 00:00:00',0),(2,28,NULL,'Probleme3.js',88,16,1024,9223372036854775807,1,644,1001,513,'0000-00-00 00:00:00','0000-00-00 00:00:00','0000-00-00 00:00:00','0000-00-00 00:00:00',0),(2,28,NULL,'Probleme4.js',127,16,1024,9223372036854775807,1,644,1001,513,'0000-00-00 00:00:00','0000-00-00 00:00:00','0000-00-00 00:00:00','0000-00-00 00:00:00',0),(2,28,NULL,'Probleme5.js',221,16,1024,9223372036854775807,1,644,1001,513,'0000-00-00 00:00:00','0000-00-00 00:00:00','0000-00-00 00:00:00','0000-00-00 00:00:00',0),(2,28,NULL,'Probleme6.js',181,16,1024,9223372036854775807,1,644,1001,513,'0000-00-00 00:00:00','0000-00-00 00:00:00','0000-00-00 00:00:00','0000-00-00 00:00:00',0),(2,28,NULL,'Probleme7.js',248,16,1024,9223372036854775807,1,644,1001,513,'0000-00-00 00:00:00','0000-00-00 00:00:00','0000-00-00 00:00:00','0000-00-00 00:00:00',0),(2,29,NULL,'encodings.xml',189,16,1024,184722828173318,1,644,1001,513,'0000-00-00 00:00:00','0000-00-00 00:00:00','0000-00-00 00:00:00','0000-00-00 00:00:00',0),(2,29,NULL,'modules.xml',260,16,1024,6308615875439793037,1,644,1001,513,'0000-00-00 00:00:00','0000-00-00 00:00:00','0000-00-00 00:00:00','0000-00-00 00:00:00',0),(2,29,NULL,'Prog.iml',458,16,1024,7929008552378580535,1,644,1001,513,'0000-00-00 00:00:00','0000-00-00 00:00:00','0000-00-00 00:00:00','0000-00-00 00:00:00',0),(2,29,NULL,'workspace.xml',28499,32,1024,9223372036854775807,1,644,1001,513,'0000-00-00 00:00:00','0000-00-00 00:00:00','0000-00-00 00:00:00','0000-00-00 00:00:00',0),(2,30,NULL,'Ex2S1.js',206,16,1024,9223372036854775807,1,644,1001,513,'0000-00-00 00:00:00','0000-00-00 00:00:00','0000-00-00 00:00:00','0000-00-00 00:00:00',0),(2,30,NULL,'Ex2S2.js',379,16,1024,9223372036854775807,1,644,1001,513,'0000-00-00 00:00:00','0000-00-00 00:00:00','0000-00-00 00:00:00','0000-00-00 00:00:00',0),(2,30,NULL,'Ex2S3.js',341,16,1024,9223372036854775807,1,644,1001,513,'0000-00-00 00:00:00','0000-00-00 00:00:00','0000-00-00 00:00:00','0000-00-00 00:00:00',0),(2,30,NULL,'Ex2S5.js',613,16,1024,9223372036854775807,1,644,1001,513,'0000-00-00 00:00:00','0000-00-00 00:00:00','0000-00-00 00:00:00','0000-00-00 00:00:00',0),(2,30,NULL,'Ex2S6.js',737,16,1024,9223372036854775807,1,644,1001,513,'0000-00-00 00:00:00','0000-00-00 00:00:00','0000-00-00 00:00:00','0000-00-00 00:00:00',0),(2,30,NULL,'Lasuite....txt',1150,16,1024,4142441547022113665,1,644,1001,513,'0000-00-00 00:00:00','0000-00-00 00:00:00','0000-00-00 00:00:00','0000-00-00 00:00:00',0),(2,30,NULL,'TP2.txt',460,16,1024,9223372036854775807,1,644,1001,513,'0000-00-00 00:00:00','0000-00-00 00:00:00','0000-00-00 00:00:00','0000-00-00 00:00:00',0),(2,31,NULL,'arg.js',138,16,1024,5980468179877531058,1,644,1001,513,'0000-00-00 00:00:00','0000-00-00 00:00:00','0000-00-00 00:00:00','0000-00-00 00:00:00',0),(2,31,NULL,'DixProblemes-master.zip',1981,16,1024,9223372036854775807,1,644,1001,513,'0000-00-00 00:00:00','0000-00-00 00:00:00','0000-00-00 00:00:00','0000-00-00 00:00:00',0),(2,31,NULL,'hello.js',257,16,1024,595523213881214294,1,644,1001,513,'0000-00-00 00:00:00','0000-00-00 00:00:00','0000-00-00 00:00:00','0000-00-00 00:00:00',0),(2,31,NULL,'Javascript.odt',36685,48,1024,6704833984838542831,1,644,1001,513,'0000-00-00 00:00:00','0000-00-00 00:00:00','0000-00-00 00:00:00','0000-00-00 00:00:00',0),(2,31,NULL,'Javascript.zip',23982,32,1024,6704834032174387633,1,644,1001,513,'0000-00-00 00:00:00','0000-00-00 00:00:00','0000-00-00 00:00:00','0000-00-00 00:00:00',0),(2,31,NULL,'pdc.pdf',216739,224,1024,4860015114167739522,1,644,1001,513,'0000-00-00 00:00:00','0000-00-00 00:00:00','0000-00-00 00:00:00','0000-00-00 00:00:00',0),(2,31,NULL,'testvar.js',220,16,1024,9223372036854775807,1,644,1001,513,'0000-00-00 00:00:00','0000-00-00 00:00:00','0000-00-00 00:00:00','0000-00-00 00:00:00',0),(2,32,NULL,'Ex2.js',1114,16,1024,2928519385008054529,1,644,1001,513,'0000-00-00 00:00:00','0000-00-00 00:00:00','0000-00-00 00:00:00','0000-00-00 00:00:00',0),(2,32,NULL,'Ex2debug.js',1239,16,1024,9223372036854775807,1,644,1001,513,'0000-00-00 00:00:00','0000-00-00 00:00:00','0000-00-00 00:00:00','0000-00-00 00:00:00',0),(2,33,NULL,'1_-_Introduction.pdf',3361018,3296,1024,982629861177304284,1,644,1001,513,'0000-00-00 00:00:00','0000-00-00 00:00:00','0000-00-00 00:00:00','0000-00-00 00:00:00',0),(2,33,NULL,'2_-_Le_Shell.pdf',1854026,1824,1024,9223372036854775807,1,644,1001,513,'0000-00-00 00:00:00','0000-00-00 00:00:00','0000-00-00 00:00:00','0000-00-00 00:00:00',0),(2,33,NULL,'3_-_Le_Shell_suite.pdf',1598706,1568,1024,4827501327610456963,1,644,1001,513,'0000-00-00 00:00:00','0000-00-00 00:00:00','0000-00-00 00:00:00','0000-00-00 00:00:00',0),(2,33,NULL,'420-866-MA_Linux_I_Utilisat.pdf',396500,400,1024,8778876483065193057,1,644,1001,513,'0000-00-00 00:00:00','0000-00-00 00:00:00','0000-00-00 00:00:00','0000-00-00 00:00:00',0),(2,33,NULL,'5_-_Configuration_de_linter.pdf',1990801,1952,1024,7361102885552714383,1,644,1001,513,'0000-00-00 00:00:00','0000-00-00 00:00:00','0000-00-00 00:00:00','0000-00-00 00:00:00',0),(2,33,NULL,'TP_1.doc',300544,304,1024,9223372036854775807,1,644,1001,513,'0000-00-00 00:00:00','0000-00-00 00:00:00','0000-00-00 00:00:00','0000-00-00 00:00:00',0),(2,34,NULL,'SLTP_1.doc',90624,96,1024,9223372036854775807,1,644,1001,513,'0000-00-00 00:00:00','0000-00-00 00:00:00','0000-00-00 00:00:00','0000-00-00 00:00:00',0),(2,34,NULL,'SLTP_1.pdf',91931,96,1024,9223372036854775807,1,644,1001,513,'0000-00-00 00:00:00','0000-00-00 00:00:00','0000-00-00 00:00:00','0000-00-00 00:00:00',0),(2,34,NULL,'TP_1.doc',300544,304,1024,9223372036854775807,1,644,1001,513,'0000-00-00 00:00:00','0000-00-00 00:00:00','0000-00-00 00:00:00','0000-00-00 00:00:00',0),(2,34,NULL,'tp1.sh',727,16,1024,9223372036854775807,1,755,1001,513,'0000-00-00 00:00:00','0000-00-00 00:00:00','0000-00-00 00:00:00','0000-00-00 00:00:00',0),(2,34,NULL,'tp1.zip',87353,96,1024,589364367565305987,1,644,1001,513,'0000-00-00 00:00:00','0000-00-00 00:00:00','0000-00-00 00:00:00','0000-00-00 00:00:00',0),(2,35,NULL,'420-8A8-MA_Installation_et_configuration_dun_reseau_perso_Automn',34262,48,1024,2469865184374485859,1,644,1001,513,'0000-00-00 00:00:00','0000-00-00 00:00:00','0000-00-00 00:00:00','0000-00-00 00:00:00',0),(2,35,NULL,'9782212134216.pdf',6580219,6432,1024,8606766616589571131,1,644,1001,513,'0000-00-00 00:00:00','0000-00-00 00:00:00','0000-00-00 00:00:00','0000-00-00 00:00:00',0),(2,35,NULL,'Chapitre_2-Installation_et_mise_a_jour_de.pdf',1795619,1760,1024,9223372036854775807,1,644,1001,513,'0000-00-00 00:00:00','0000-00-00 00:00:00','0000-00-00 00:00:00','0000-00-00 00:00:00',0),(2,35,NULL,'Chapitre_2-Installation_et_mise_a_jour_de_Windows_7.pdf',2559056,2512,1024,2074716026032177561,1,644,1001,513,'0000-00-00 00:00:00','0000-00-00 00:00:00','0000-00-00 00:00:00','0000-00-00 00:00:00',0),(2,35,NULL,'Chapitre_3_-_La_configuration_du_systeme_Windows_7.pdf',1765402,1728,1024,5120163773479333113,1,644,1001,513,'0000-00-00 00:00:00','0000-00-00 00:00:00','0000-00-00 00:00:00','0000-00-00 00:00:00',0),(2,35,NULL,'Chapitre1_-Presentation_des_elements_materiels_et_logiciels_d.pd',763885,752,1024,8595142149999445059,1,644,1001,513,'0000-00-00 00:00:00','0000-00-00 00:00:00','0000-00-00 00:00:00','0000-00-00 00:00:00',0),(2,35,NULL,'Laboratoire_1_-Windows_7.pdf',393697,400,1024,1289594632569955224,1,644,1001,513,'0000-00-00 00:00:00','0000-00-00 00:00:00','0000-00-00 00:00:00','0000-00-00 00:00:00',0),(2,35,NULL,'Ligne_de_commande_et_racourcis__Windows_7.docx',5231763,5120,1024,3663759629506732358,1,644,1001,513,'0000-00-00 00:00:00','0000-00-00 00:00:00','0000-00-00 00:00:00','0000-00-00 00:00:00',0),(2,36,NULL,'15613 14 et 18 novembre mod avec m belanger.pdf',89464,96,1024,9223372036854775807,1,644,1001,513,'0000-00-00 00:00:00','0000-00-00 00:00:00','0000-00-00 00:00:00','0000-00-00 00:00:00',0),(2,36,NULL,'15613 6 oct mod.pdf',97758,96,1024,3821004750027459853,1,644,1001,513,'0000-00-00 00:00:00','0000-00-00 00:00:00','0000-00-00 00:00:00','0000-00-00 00:00:00',0),(2,36,NULL,'Horaire_(Groupe_15613)_edit-6 oct mod.pdf',97758,96,1024,9223372036854775807,1,644,1001,513,'0000-00-00 00:00:00','0000-00-00 00:00:00','0000-00-00 00:00:00','0000-00-00 00:00:00',0),(2,37,NULL,'Career0531 - Copy.pdf',35049,48,1024,9223372036854775807,1,644,1001,513,'0000-00-00 00:00:00','0000-00-00 00:00:00','0000-00-00 00:00:00','0000-00-00 00:00:00',0),(2,37,NULL,'Career0531.pdf',35049,48,1024,9223372036854775807,1,644,1001,513,'0000-00-00 00:00:00','0000-00-00 00:00:00','0000-00-00 00:00:00','0000-00-00 00:00:00',0),(2,37,NULL,'CEGEP1117pk.zip',206513343,201680,1024,9223372036854775807,1,644,1001,513,'0000-00-00 00:00:00','0000-00-00 00:00:00','0000-00-00 00:00:00','0000-00-00 00:00:00',0),(2,37,NULL,'SpreadsheetDefs.odt',18340,32,1024,8501887373959802554,1,644,1001,513,'0000-00-00 00:00:00','0000-00-00 00:00:00','0000-00-00 00:00:00','0000-00-00 00:00:00',0),(2,37,NULL,'WordProcessingDefs.odt',25042,32,1024,3857449394448278861,1,644,1001,513,'0000-00-00 00:00:00','0000-00-00 00:00:00','0000-00-00 00:00:00','0000-00-00 00:00:00',0),(2,38,NULL,'Chinese_ Without_Tears.pdf',2032528,2000,1024,1290829073554979218,1,644,1001,513,'0000-00-00 00:00:00','0000-00-00 00:00:00','0000-00-00 00:00:00','0000-00-00 00:00:00',0),(2,38,NULL,'chinese-lessons.zip',1768106,1728,1024,9223372036854775807,1,644,1001,513,'0000-00-00 00:00:00','0000-00-00 00:00:00','0000-00-00 00:00:00','0000-00-00 00:00:00',0),(2,38,NULL,'HSK2.pdf',830040,816,1024,7517493098205690200,1,644,1001,513,'0000-00-00 00:00:00','0000-00-00 00:00:00','0000-00-00 00:00:00','0000-00-00 00:00:00',0),(2,38,NULL,'Introduction to Chinese Calligraphy - Disc One.avi',470234048,459216,1024,9223372036854775807,1,644,1001,513,'0000-00-00 00:00:00','0000-00-00 00:00:00','0000-00-00 00:00:00','0000-00-00 00:00:00',0),(2,38,NULL,'Introduction to Chinese Calligraphy - Disc Two.avi',399393730,390048,1024,2500077260043285464,1,644,1001,513,'0000-00-00 00:00:00','0000-00-00 00:00:00','0000-00-00 00:00:00','0000-00-00 00:00:00',0),(2,39,NULL,'A Dictionary of Chinese Characters Accessed by Phonetics.pdf',5179230,5072,1024,280176218768921992,1,644,1001,513,'0000-00-00 00:00:00','0000-00-00 00:00:00','0000-00-00 00:00:00','0000-00-00 00:00:00',0),(2,39,NULL,'Chinese Characters.pdf',3484959,3408,1024,1754953970612900355,1,644,1001,513,'0000-00-00 00:00:00','0000-00-00 00:00:00','0000-00-00 00:00:00','0000-00-00 00:00:00',0),(2,39,NULL,'Comprehensive Grammar Chinese.pdf',16313780,15936,1024,2349140998020848426,1,644,1001,513,'0000-00-00 00:00:00','0000-00-00 00:00:00','0000-00-00 00:00:00','0000-00-00 00:00:00',0),(2,39,NULL,'Contemporary_Chinese_Culture.pdf',5938282,5808,1024,8514192413678355698,1,644,1001,513,'0000-00-00 00:00:00','0000-00-00 00:00:00','0000-00-00 00:00:00','0000-00-00 00:00:00',0),(2,39,NULL,'Fun_with_Chinese_Characters_v.1.pdf',13307617,13008,1024,9223372036854775807,1,644,1001,513,'0000-00-00 00:00:00','0000-00-00 00:00:00','0000-00-00 00:00:00','0000-00-00 00:00:00',0),(2,39,NULL,'Fun_with_Chinese_Characters_v.2.pdf',11419207,11152,1024,9223372036854775807,1,644,1001,513,'0000-00-00 00:00:00','0000-00-00 00:00:00','0000-00-00 00:00:00','0000-00-00 00:00:00',0),(2,39,NULL,'Fun_with_Chinese_Characters_v.3.pdf',10967843,10720,1024,9223372036854775807,1,644,1001,513,'0000-00-00 00:00:00','0000-00-00 00:00:00','0000-00-00 00:00:00','0000-00-00 00:00:00',0),(2,39,NULL,'Glossary_Jun08_EC.pdf',504679,496,1024,9223372036854775807,1,644,1001,513,'0000-00-00 00:00:00','0000-00-00 00:00:00','0000-00-00 00:00:00','0000-00-00 00:00:00',0),(2,39,NULL,'idioms.doc',159232,160,1024,8170284042640408883,1,644,1001,513,'0000-00-00 00:00:00','0000-00-00 00:00:00','0000-00-00 00:00:00','0000-00-00 00:00:00',0),(2,39,NULL,'NPCR 1.pdf',21905430,21408,1024,9223372036854775807,1,644,1001,513,'0000-00-00 00:00:00','0000-00-00 00:00:00','0000-00-00 00:00:00','0000-00-00 00:00:00',0),(2,39,NULL,'NPCR2.pdf',26584961,25968,1024,9223372036854775807,1,644,1001,513,'0000-00-00 00:00:00','0000-00-00 00:00:00','0000-00-00 00:00:00','0000-00-00 00:00:00',0),(2,39,NULL,'radicals.doc',208896,208,1024,9223372036854775807,1,644,1001,513,'0000-00-00 00:00:00','0000-00-00 00:00:00','0000-00-00 00:00:00','0000-00-00 00:00:00',0),(2,39,NULL,'Rocket Chinese 1.pdf',498219,496,1024,9223372036854775807,1,644,1001,513,'0000-00-00 00:00:00','0000-00-00 00:00:00','0000-00-00 00:00:00','0000-00-00 00:00:00',0),(2,39,NULL,'Taiwan Chinese 8000.xls',784384,768,1024,9223372036854775807,1,644,1001,513,'0000-00-00 00:00:00','0000-00-00 00:00:00','0000-00-00 00:00:00','0000-00-00 00:00:00',0),(2,39,NULL,'WIEGER1.doc',12004945,11728,1024,7349459890679102936,1,644,1001,513,'0000-00-00 00:00:00','0000-00-00 00:00:00','0000-00-00 00:00:00','0000-00-00 00:00:00',0),(2,39,NULL,'WIEGER2.doc',12667352,12384,1024,7420493930725448921,1,644,1001,513,'0000-00-00 00:00:00','0000-00-00 00:00:00','0000-00-00 00:00:00','0000-00-00 00:00:00',0),(2,39,NULL,'WIEGER3.doc',8449846,8256,1024,7491527970771794906,1,644,1001,513,'0000-00-00 00:00:00','0000-00-00 00:00:00','0000-00-00 00:00:00','0000-00-00 00:00:00',0),(2,40,NULL,'Advanced Chinese.pdf',23203118,22672,1024,9223372036854775807,1,644,1001,513,'0000-00-00 00:00:00','0000-00-00 00:00:00','0000-00-00 00:00:00','0000-00-00 00:00:00',0),(2,40,NULL,'ChinesePod Basic PDF.pdf',4460256,4368,1024,1300096483254526880,1,644,1001,513,'0000-00-00 00:00:00','0000-00-00 00:00:00','0000-00-00 00:00:00','0000-00-00 00:00:00',0),(2,40,NULL,'Elementary Chinese.pdf',18275754,17856,1024,2228303328615999105,1,644,1001,513,'0000-00-00 00:00:00','0000-00-00 00:00:00','0000-00-00 00:00:00','0000-00-00 00:00:00',0),(2,40,NULL,'Intermediate Chinese.pdf',26372126,25760,1024,9223372036854775807,1,644,1001,513,'0000-00-00 00:00:00','0000-00-00 00:00:00','0000-00-00 00:00:00','0000-00-00 00:00:00',0),(2,40,NULL,'Upper Intermediate.pdf',29410602,28736,1024,5886987108128148351,1,644,1001,513,'0000-00-00 00:00:00','0000-00-00 00:00:00','0000-00-00 00:00:00','0000-00-00 00:00:00',0),(2,41,NULL,'Heisig Method - Remembering The Kana - Part 1 - Hiragana.pdf',8438635,8256,1024,9065550225320898115,1,644,1001,513,'0000-00-00 00:00:00','0000-00-00 00:00:00','0000-00-00 00:00:00','0000-00-00 00:00:00',0),(2,41,NULL,'HEISIG METHOD - Remembering The Kana - Part 2 - Katakana.pdf',6614234,6464,1024,9223372036854775807,1,644,1001,513,'0000-00-00 00:00:00','0000-00-00 00:00:00','0000-00-00 00:00:00','0000-00-00 00:00:00',0),(2,41,NULL,'Remembering Simplified Hanzi.pdf',127609025,124624,1024,4861728952345850039,1,644,1001,513,'0000-00-00 00:00:00','0000-00-00 00:00:00','0000-00-00 00:00:00','0000-00-00 00:00:00',0),(2,41,NULL,'Remembering The Kanji 1 Flash Cards.pdf',7316132,7152,1024,9223372036854775807,1,644,1001,513,'0000-00-00 00:00:00','0000-00-00 00:00:00','0000-00-00 00:00:00','0000-00-00 00:00:00',0),(2,41,NULL,'Remembering The Kanji 3 Flash Cards.pdf',3811724,3728,1024,9223372036854775807,1,644,1001,513,'0000-00-00 00:00:00','0000-00-00 00:00:00','0000-00-00 00:00:00','0000-00-00 00:00:00',0),(2,41,NULL,'Remembering_the_Kanji_volume_1.pdf',5787638,5664,1024,9223372036854775807,1,644,1001,513,'0000-00-00 00:00:00','0000-00-00 00:00:00','0000-00-00 00:00:00','0000-00-00 00:00:00',0),(2,41,NULL,'Remembering_the_Kanji_volume_2.pdf',23626693,23088,1024,9223372036854775807,1,644,1001,513,'0000-00-00 00:00:00','0000-00-00 00:00:00','0000-00-00 00:00:00','0000-00-00 00:00:00',0),(2,41,NULL,'Remembering_the_Kanji_volume_3.pdf',6270609,6128,1024,9223372036854775807,1,644,1001,513,'0000-00-00 00:00:00','0000-00-00 00:00:00','0000-00-00 00:00:00','0000-00-00 00:00:00',0),(2,42,NULL,'china1.doc',217600,224,1024,4648851559253359181,1,644,1001,513,'0000-00-00 00:00:00','0000-00-00 00:00:00','0000-00-00 00:00:00','0000-00-00 00:00:00',0),(2,42,NULL,'mandarin1-16.pdf',183678,192,1024,9223372036854775807,1,644,1001,513,'0000-00-00 00:00:00','0000-00-00 00:00:00','0000-00-00 00:00:00','0000-00-00 00:00:00',0),(2,42,NULL,'mandarin1-17.pdf',179802,176,1024,9223372036854775807,1,644,1001,513,'0000-00-00 00:00:00','0000-00-00 00:00:00','0000-00-00 00:00:00','0000-00-00 00:00:00',0),(2,42,NULL,'mandarin1-18.pdf',184065,192,1024,9223372036854775807,1,644,1001,513,'0000-00-00 00:00:00','0000-00-00 00:00:00','0000-00-00 00:00:00','0000-00-00 00:00:00',0),(2,42,NULL,'mandarin1-19.pdf',184908,192,1024,9223372036854775807,1,644,1001,513,'0000-00-00 00:00:00','0000-00-00 00:00:00','0000-00-00 00:00:00','0000-00-00 00:00:00',0),(2,42,NULL,'mandarin1-20.pdf',182621,192,1024,6931857508678016999,1,644,1001,513,'0000-00-00 00:00:00','0000-00-00 00:00:00','0000-00-00 00:00:00','0000-00-00 00:00:00',0),(2,42,NULL,'mandarin1-21.pdf',182565,192,1024,7002891548724362984,1,644,1001,513,'0000-00-00 00:00:00','0000-00-00 00:00:00','0000-00-00 00:00:00','0000-00-00 00:00:00',0),(2,42,NULL,'mandarin1-22.pdf',181153,192,1024,7073925588770708969,1,644,1001,513,'0000-00-00 00:00:00','0000-00-00 00:00:00','0000-00-00 00:00:00','0000-00-00 00:00:00',0),(2,42,NULL,'mandarin1-23.pdf',190763,192,1024,7144959628817054954,1,644,1001,513,'0000-00-00 00:00:00','0000-00-00 00:00:00','0000-00-00 00:00:00','0000-00-00 00:00:00',0),(2,42,NULL,'mandarin1-24.pdf',186062,192,1024,7215993668863400939,1,644,1001,513,'0000-00-00 00:00:00','0000-00-00 00:00:00','0000-00-00 00:00:00','0000-00-00 00:00:00',0),(2,42,NULL,'mandarin1-25.pdf',184983,192,1024,7287027708909746924,1,644,1001,513,'0000-00-00 00:00:00','0000-00-00 00:00:00','0000-00-00 00:00:00','0000-00-00 00:00:00',0),(2,42,NULL,'mandarin1-26.pdf',188297,192,1024,7358061748956092909,1,644,1001,513,'0000-00-00 00:00:00','0000-00-00 00:00:00','0000-00-00 00:00:00','0000-00-00 00:00:00',0),(2,42,NULL,'mandarin1-27.pdf',185340,192,1024,7429095789002438894,1,644,1001,513,'0000-00-00 00:00:00','0000-00-00 00:00:00','0000-00-00 00:00:00','0000-00-00 00:00:00',0),(2,42,NULL,'mandarin1-28.pdf',185492,192,1024,7500129829048784879,1,644,1001,513,'0000-00-00 00:00:00','0000-00-00 00:00:00','0000-00-00 00:00:00','0000-00-00 00:00:00',0),(2,42,NULL,'mandarin1-29.pdf',183877,192,1024,7571163869095130864,1,644,1001,513,'0000-00-00 00:00:00','0000-00-00 00:00:00','0000-00-00 00:00:00','0000-00-00 00:00:00',0),(2,42,NULL,'mandarin1-30.pdf',182958,192,1024,9223372036854775807,1,644,1001,513,'0000-00-00 00:00:00','0000-00-00 00:00:00','0000-00-00 00:00:00','0000-00-00 00:00:00',0),(2,42,NULL,'mandarin2-01.pdf',204822,208,1024,185440372082994729,1,644,1001,513,'0000-00-00 00:00:00','0000-00-00 00:00:00','0000-00-00 00:00:00','0000-00-00 00:00:00',0),(2,42,NULL,'mandarin2-02.pdf',190284,192,1024,256474412129340714,1,644,1001,513,'0000-00-00 00:00:00','0000-00-00 00:00:00','0000-00-00 00:00:00','0000-00-00 00:00:00',0),(2,42,NULL,'mandarin2-03.pdf',199240,208,1024,327508452175686699,1,644,1001,513,'0000-00-00 00:00:00','0000-00-00 00:00:00','0000-00-00 00:00:00','0000-00-00 00:00:00',0),(2,42,NULL,'mandarin2-04.pdf',191581,192,1024,398542492222032684,1,644,1001,513,'0000-00-00 00:00:00','0000-00-00 00:00:00','0000-00-00 00:00:00','0000-00-00 00:00:00',0),(2,42,NULL,'mandarin2-05.pdf',191995,192,1024,469576532268378669,1,644,1001,513,'0000-00-00 00:00:00','0000-00-00 00:00:00','0000-00-00 00:00:00','0000-00-00 00:00:00',0),(2,42,NULL,'mandarin2-06.pdf',191420,192,1024,540610572314724654,1,644,1001,513,'0000-00-00 00:00:00','0000-00-00 00:00:00','0000-00-00 00:00:00','0000-00-00 00:00:00',0),(2,42,NULL,'mandarin2-07.pdf',192062,192,1024,611644612361070639,1,644,1001,513,'0000-00-00 00:00:00','0000-00-00 00:00:00','0000-00-00 00:00:00','0000-00-00 00:00:00',0),(2,42,NULL,'mandarin2-08.pdf',193863,192,1024,682678652407416624,1,644,1001,513,'0000-00-00 00:00:00','0000-00-00 00:00:00','0000-00-00 00:00:00','0000-00-00 00:00:00',0),(2,42,NULL,'mandarin2-09.pdf',191642,192,1024,753712692453762609,1,644,1001,513,'0000-00-00 00:00:00','0000-00-00 00:00:00','0000-00-00 00:00:00','0000-00-00 00:00:00',0),(2,42,NULL,'mandarin2-10.pdf',193546,192,1024,9223372036854775807,1,644,1001,513,'0000-00-00 00:00:00','0000-00-00 00:00:00','0000-00-00 00:00:00','0000-00-00 00:00:00',0),(2,42,NULL,'p1.pdf',2929849,2864,1024,1196155696548932558,1,644,1001,513,'0000-00-00 00:00:00','0000-00-00 00:00:00','0000-00-00 00:00:00','0000-00-00 00:00:00',0),(2,42,NULL,'pg_2006.pdf',1282149,1264,1024,6593682917711595847,1,644,1001,513,'0000-00-00 00:00:00','0000-00-00 00:00:00','0000-00-00 00:00:00','0000-00-00 00:00:00',0),(2,42,NULL,'PimsleurMandarinChinese I Transcript.pdf',2878368,2816,1024,9073324312357204386,1,644,1001,513,'0000-00-00 00:00:00','0000-00-00 00:00:00','0000-00-00 00:00:00','0000-00-00 00:00:00',0),(2,42,NULL,'PimsleurMandarinChineseIITranscript (2).pdf',150238,160,1024,9223372036854775807,1,644,1001,513,'0000-00-00 00:00:00','0000-00-00 00:00:00','0000-00-00 00:00:00','0000-00-00 00:00:00',0),(2,42,NULL,'PimsleurMandarinChineseIITranscript (3).pdf',150238,160,1024,6330581469610972679,1,644,1001,513,'0000-00-00 00:00:00','0000-00-00 00:00:00','0000-00-00 00:00:00','0000-00-00 00:00:00',0),(2,42,NULL,'PimsleurMandarinChineseIITranscript.pdf',167482,176,1024,3250291906356824137,1,644,1001,513,'0000-00-00 00:00:00','0000-00-00 00:00:00','0000-00-00 00:00:00','0000-00-00 00:00:00',0),(2,42,NULL,'PimsleurMandarinChineseITranscript.pdf',2878368,2816,1024,9223372036854775807,1,644,1001,513,'0000-00-00 00:00:00','0000-00-00 00:00:00','0000-00-00 00:00:00','0000-00-00 00:00:00',0),(2,43,NULL,'Rosetta 1.pdf',2001769,1968,1024,9223372036854775807,1,644,1001,513,'0000-00-00 00:00:00','0000-00-00 00:00:00','0000-00-00 00:00:00','0000-00-00 00:00:00',0),(2,43,NULL,'Rosetta 2.pdf',2070091,2032,1024,9223372036854775807,1,644,1001,513,'0000-00-00 00:00:00','0000-00-00 00:00:00','0000-00-00 00:00:00','0000-00-00 00:00:00',0),(2,43,NULL,'Rosetta 3.pdf',2217493,2176,1024,9223372036854775807,1,644,1001,513,'0000-00-00 00:00:00','0000-00-00 00:00:00','0000-00-00 00:00:00','0000-00-00 00:00:00',0),(2,44,NULL,'8000_Advanced.pdf',467699,464,1024,3470008155481471707,1,644,1001,513,'0000-00-00 00:00:00','0000-00-00 00:00:00','0000-00-00 00:00:00','0000-00-00 00:00:00',0),(2,44,NULL,'8000_Basic.pdf',287060,288,1024,9223372036854775807,1,644,1001,513,'0000-00-00 00:00:00','0000-00-00 00:00:00','0000-00-00 00:00:00','0000-00-00 00:00:00',0),(2,44,NULL,'8000_Intermediate.pdf',478930,480,1024,5246407239865368722,1,644,1001,513,'0000-00-00 00:00:00','0000-00-00 00:00:00','0000-00-00 00:00:00','0000-00-00 00:00:00',0),(2,44,NULL,'800Words_Beginners.pdf',289300,288,1024,7417234390490402377,1,644,1001,513,'0000-00-00 00:00:00','0000-00-00 00:00:00','0000-00-00 00:00:00','0000-00-00 00:00:00',0),(2,46,NULL,'HSK1.txt',2604,16,1024,9223372036854775807,1,444,1001,513,'0000-00-00 00:00:00','0000-00-00 00:00:00','0000-00-00 00:00:00','0000-00-00 00:00:00',0),(2,46,NULL,'HSK1u.txt',3520,16,1024,4704956674595675564,1,444,1001,513,'0000-00-00 00:00:00','0000-00-00 00:00:00','0000-00-00 00:00:00','0000-00-00 00:00:00',0),(2,46,NULL,'HSK2.txt',4887,16,1024,9223372036854775807,1,444,1001,513,'0000-00-00 00:00:00','0000-00-00 00:00:00','0000-00-00 00:00:00','0000-00-00 00:00:00',0),(2,46,NULL,'HSK3.txt',14204,16,1024,9223372036854775807,1,444,1001,513,'0000-00-00 00:00:00','0000-00-00 00:00:00','0000-00-00 00:00:00','0000-00-00 00:00:00',0),(2,46,NULL,'HSK4.txt',29540,32,1024,9223372036854775807,1,444,1001,513,'0000-00-00 00:00:00','0000-00-00 00:00:00','0000-00-00 00:00:00','0000-00-00 00:00:00',0),(2,47,NULL,'Sample Page.JPG',122752,128,1024,9223372036854775807,1,644,1001,513,'0000-00-00 00:00:00','0000-00-00 00:00:00','0000-00-00 00:00:00','0000-00-00 00:00:00',0),(2,47,NULL,'The Wonderful Wizard of Oz (Chinese Language Edition).pdf',61241402,59808,1024,4854793673035679006,1,644,1001,513,'0000-00-00 00:00:00','0000-00-00 00:00:00','0000-00-00 00:00:00','0000-00-00 00:00:00',0),(2,48,NULL,'420-275-MA_Architecture_dun_reseau_informatique_A2016_JR_15613.p',405703,400,1024,1881166320294737401,1,644,1001,513,'0000-00-00 00:00:00','0000-00-00 00:00:00','0000-00-00 00:00:00','0000-00-00 00:00:00',0),(2,48,NULL,'ToDo.txt',121,16,1024,9223372036854775807,1,644,1001,513,'0000-00-00 00:00:00','0000-00-00 00:00:00','0000-00-00 00:00:00','0000-00-00 00:00:00',0),(2,49,NULL,'Acces_aux_repertoires_-__groupes.pdf',1670636,1632,1024,9223372036854775807,1,644,1001,513,'0000-00-00 00:00:00','0000-00-00 00:00:00','0000-00-00 00:00:00','0000-00-00 00:00:00',0),(2,49,NULL,'Chiffrement_de_fichiers.pdf',881783,864,1024,9086614938977645748,1,644,1001,513,'0000-00-00 00:00:00','0000-00-00 00:00:00','0000-00-00 00:00:00','0000-00-00 00:00:00',0),(2,49,NULL,'Comptes_utilisateurs_et_autorisations_NTFS.pdf',517789,512,1024,6489145981519653185,1,644,1001,513,'0000-00-00 00:00:00','0000-00-00 00:00:00','0000-00-00 00:00:00','0000-00-00 00:00:00',0),(2,49,NULL,'Configuration_de_parmetres_de_securite_Windows.pdf',1371433,1344,1024,7176785420496212588,1,644,1001,513,'0000-00-00 00:00:00','0000-00-00 00:00:00','0000-00-00 00:00:00','0000-00-00 00:00:00',0),(2,49,NULL,'Dirvers1012.PNG',125145,128,1024,9223372036854775807,1,644,1001,513,'0000-00-00 00:00:00','0000-00-00 00:00:00','0000-00-00 00:00:00','0000-00-00 00:00:00',0),(2,49,NULL,'Document_-_Examen_1.docx',27002,32,1024,8785141305497813191,1,644,1001,513,'0000-00-00 00:00:00','0000-00-00 00:00:00','0000-00-00 00:00:00','0000-00-00 00:00:00',0),(2,49,NULL,'Enonce_Travail_pratique.docx',2036245,2000,1024,9223372036854775807,1,644,1001,513,'0000-00-00 00:00:00','0000-00-00 00:00:00','0000-00-00 00:00:00','0000-00-00 00:00:00',0),(2,49,NULL,'Exercices_comptes_utilisateurs_et_autorisations_ntfs.docx',17876,32,1024,9223372036854775807,1,644,1001,513,'0000-00-00 00:00:00','0000-00-00 00:00:00','0000-00-00 00:00:00','0000-00-00 00:00:00',0),(2,49,NULL,'Exercices_manipulation_de_fichiers_et_de_dossiers_dans_Windows.d',15850,16,1024,9223372036854775807,1,644,1001,513,'0000-00-00 00:00:00','0000-00-00 00:00:00','0000-00-00 00:00:00','0000-00-00 00:00:00',0),(2,49,NULL,'Exercices_parametres_de_securite_Windows.docx',15293,16,1024,9223372036854775807,1,644,1001,513,'0000-00-00 00:00:00','0000-00-00 00:00:00','0000-00-00 00:00:00','0000-00-00 00:00:00',0),(2,49,NULL,'Fichiers_et_dossiers_dans_Windows.pdf',768367,752,1024,3612753850026943650,1,644,1001,513,'0000-00-00 00:00:00','0000-00-00 00:00:00','0000-00-00 00:00:00','0000-00-00 00:00:00',0),(2,49,NULL,'Groupes_dutilisateurs.pdf',694506,688,1024,9223372036854775807,1,644,1001,513,'0000-00-00 00:00:00','0000-00-00 00:00:00','0000-00-00 00:00:00','0000-00-00 00:00:00',0),(2,49,NULL,'Module_1__Installation_de_Windows_7_VirtualBox.pdf',1109721,1088,1024,9223372036854775807,1,644,1001,513,'0000-00-00 00:00:00','0000-00-00 00:00:00','0000-00-00 00:00:00','0000-00-00 00:00:00',0),(2,49,NULL,'Module_4_Defragmentation.pdf',1258629,1232,1024,9223372036854775807,1,644,1001,513,'0000-00-00 00:00:00','0000-00-00 00:00:00','0000-00-00 00:00:00','0000-00-00 00:00:00',0),(2,49,NULL,'Module_4_Partitionnement_disques.pdf',228790,224,1024,6257944022103728783,1,644,1001,513,'0000-00-00 00:00:00','0000-00-00 00:00:00','0000-00-00 00:00:00','0000-00-00 00:00:00',0),(2,49,NULL,'Module_4_stockage_dynamique_et_quotas.pdf',1565706,1536,1024,4512498571444176268,1,644,1001,513,'0000-00-00 00:00:00','0000-00-00 00:00:00','0000-00-00 00:00:00','0000-00-00 00:00:00',0),(2,49,NULL,'Partage_de_fichiers_dans_Windows_7.pdf',1994287,1952,1024,9223372036854775807,1,644,1001,513,'0000-00-00 00:00:00','0000-00-00 00:00:00','0000-00-00 00:00:00','0000-00-00 00:00:00',0),(2,49,NULL,'Personnaliser_Windows.pdf',1620518,1584,1024,9223372036854775807,1,644,1001,513,'0000-00-00 00:00:00','0000-00-00 00:00:00','0000-00-00 00:00:00','0000-00-00 00:00:00',0),(2,49,NULL,'Plan_de_cours-420-8A1-MA.pdf',463585,464,1024,9223372036854775807,1,644,1001,513,'0000-00-00 00:00:00','0000-00-00 00:00:00','0000-00-00 00:00:00','0000-00-00 00:00:00',0),(2,49,NULL,'SLExercice_Concepts_generaux.docx',98933,112,1024,9223372036854775807,1,644,1001,513,'0000-00-00 00:00:00','0000-00-00 00:00:00','0000-00-00 00:00:00','0000-00-00 00:00:00',0),(2,49,NULL,'SLExercices_comptes_utilisateurs_et_autorisations_ntfs.doc',1157120,1136,1024,6795820083659964436,1,644,1001,513,'0000-00-00 00:00:00','0000-00-00 00:00:00','0000-00-00 00:00:00','0000-00-00 00:00:00',0),(2,49,NULL,'SLExercices_manipulation_de_fichiers_et_de_dossiers_dans_Windows',152576,160,1024,9223372036854775807,1,644,1001,513,'0000-00-00 00:00:00','0000-00-00 00:00:00','0000-00-00 00:00:00','0000-00-00 00:00:00',0),(2,49,NULL,'SLExercices_parametres_de_securite_Windows.docx',872125,864,1024,9223372036854775807,1,644,1001,513,'0000-00-00 00:00:00','0000-00-00 00:00:00','0000-00-00 00:00:00','0000-00-00 00:00:00',0),(2,49,NULL,'Windows_7_Vue_densemble.docx',109622,112,1024,9223372036854775807,1,644,1001,513,'0000-00-00 00:00:00','0000-00-00 00:00:00','0000-00-00 00:00:00','0000-00-00 00:00:00',0),(2,50,NULL,'ai.js',98830,112,1024,8281655183383992120,1,644,1001,513,'0000-00-00 00:00:00','0000-00-00 00:00:00','0000-00-00 00:00:00','0000-00-00 00:00:00',0),(2,50,NULL,'avatar.jpg',872,16,1024,9223372036854775807,1,644,1001,513,'0000-00-00 00:00:00','0000-00-00 00:00:00','0000-00-00 00:00:00','0000-00-00 00:00:00',0),(2,50,NULL,'broker.js',16087,16,1024,4653078867173344167,1,644,1001,513,'0000-00-00 00:00:00','0000-00-00 00:00:00','0000-00-00 00:00:00','0000-00-00 00:00:00',0),(2,50,NULL,'broker-config.js',6178,16,1024,9223372036854775807,1,644,1001,513,'0000-00-00 00:00:00','0000-00-00 00:00:00','0000-00-00 00:00:00','0000-00-00 00:00:00',0),(2,50,NULL,'clear.gif',85,16,1024,9223372036854775807,1,644,1001,513,'0000-00-00 00:00:00','0000-00-00 00:00:00','0000-00-00 00:00:00','0000-00-00 00:00:00',0),(2,50,NULL,'Combined.css',80032,80,1024,9223372036854775807,1,644,1001,513,'0000-00-00 00:00:00','0000-00-00 00:00:00','0000-00-00 00:00:00','0000-00-00 00:00:00',0),(2,50,NULL,'Combined.js',95116,96,1024,7329213313811388859,1,644,1001,513,'0000-00-00 00:00:00','0000-00-00 00:00:00','0000-00-00 00:00:00','0000-00-00 00:00:00',0),(2,50,NULL,'Combined_002.js',11245,16,1024,1171864465631963368,1,644,1001,513,'0000-00-00 00:00:00','0000-00-00 00:00:00','0000-00-00 00:00:00','0000-00-00 00:00:00',0),(2,50,NULL,'jquery.js',6007,16,1024,9223372036854775807,1,644,1001,513,'0000-00-00 00:00:00','0000-00-00 00:00:00','0000-00-00 00:00:00','0000-00-00 00:00:00',0),(2,50,NULL,'jquery-1.js',92629,96,1024,745897799214230526,1,644,1001,513,'0000-00-00 00:00:00','0000-00-00 00:00:00','0000-00-00 00:00:00','0000-00-00 00:00:00',0),(2,50,NULL,'jsll-3.js',35479,48,1024,8292696382763797489,1,644,1001,513,'0000-00-00 00:00:00','0000-00-00 00:00:00','0000-00-00 00:00:00','0000-00-00 00:00:00',0),(2,50,NULL,'meBoot.js',20622,32,1024,9223372036854775807,1,644,1001,513,'0000-00-00 00:00:00','0000-00-00 00:00:00','0000-00-00 00:00:00','0000-00-00 00:00:00',0),(2,50,NULL,'meCore.js',27891,32,1024,5819830609644238665,1,644,1001,513,'0000-00-00 00:00:00','0000-00-00 00:00:00','0000-00-00 00:00:00','0000-00-00 00:00:00',0),(2,50,NULL,'meversion.js',4491,16,1024,9223372036854775807,1,644,1001,513,'0000-00-00 00:00:00','0000-00-00 00:00:00','0000-00-00 00:00:00','0000-00-00 00:00:00',0),(2,50,NULL,'microsoft-gray.png',4054,16,1024,6625268697355502484,1,644,1001,513,'0000-00-00 00:00:00','0000-00-00 00:00:00','0000-00-00 00:00:00','0000-00-00 00:00:00',0),(2,50,NULL,'ms.js',12487,16,1024,9136886539001311930,1,644,1001,513,'0000-00-00 00:00:00','0000-00-00 00:00:00','0000-00-00 00:00:00','0000-00-00 00:00:00',0),(2,50,NULL,'msa_enabled.png',1637,16,1024,4658091868936332481,1,644,1001,513,'0000-00-00 00:00:00','0000-00-00 00:00:00','0000-00-00 00:00:00','0000-00-00 00:00:00',0),(2,50,NULL,'PrintView.css',1774,16,1024,9223372036854775807,1,644,1001,513,'0000-00-00 00:00:00','0000-00-00 00:00:00','0000-00-00 00:00:00','0000-00-00 00:00:00',0),(2,50,NULL,'shell.css',112042,112,1024,9223372036854775807,1,644,1001,513,'0000-00-00 00:00:00','0000-00-00 00:00:00','0000-00-00 00:00:00','0000-00-00 00:00:00',0),(2,50,NULL,'shellservice.js',45294,48,1024,3176203320813789627,1,644,1001,513,'0000-00-00 00:00:00','0000-00-00 00:00:00','0000-00-00 00:00:00','0000-00-00 00:00:00',0),(2,50,NULL,'UhfFooterResponsive.css',3204,16,1024,8507566062420611104,1,644,1001,513,'0000-00-00 00:00:00','0000-00-00 00:00:00','0000-00-00 00:00:00','0000-00-00 00:00:00',0),(2,50,NULL,'UhfHeaderResponsive.css',4597,16,1024,9223372036854775807,1,644,1001,513,'0000-00-00 00:00:00','0000-00-00 00:00:00','0000-00-00 00:00:00','0000-00-00 00:00:00',0),(2,51,NULL,'INet5.PNG',74276,80,1024,9223372036854775807,1,644,1001,513,'0000-00-00 00:00:00','0000-00-00 00:00:00','0000-00-00 00:00:00','0000-00-00 00:00:00',0),(2,51,NULL,'Pw1D.PNG',89154,96,1024,9223372036854775807,1,644,1001,513,'0000-00-00 00:00:00','0000-00-00 00:00:00','0000-00-00 00:00:00','0000-00-00 00:00:00',0),(2,51,NULL,'Pw2.PNG',86260,96,1024,9223372036854775807,1,644,1001,513,'0000-00-00 00:00:00','0000-00-00 00:00:00','0000-00-00 00:00:00','0000-00-00 00:00:00',0),(2,51,NULL,'PwCmplx.PNG',89712,96,1024,9223372036854775807,1,644,1001,513,'0000-00-00 00:00:00','0000-00-00 00:00:00','0000-00-00 00:00:00','0000-00-00 00:00:00',0),(2,51,NULL,'PwExp.PNG',101964,112,1024,9223372036854775807,1,644,1001,513,'0000-00-00 00:00:00','0000-00-00 00:00:00','0000-00-00 00:00:00','0000-00-00 00:00:00',0),(2,51,NULL,'PwHisto.PNG',89563,96,1024,8692824991865044831,1,644,1001,513,'0000-00-00 00:00:00','0000-00-00 00:00:00','0000-00-00 00:00:00','0000-00-00 00:00:00',0),(2,51,NULL,'PwL8.PNG',89508,96,1024,173732638629218320,1,644,1001,513,'0000-00-00 00:00:00','0000-00-00 00:00:00','0000-00-00 00:00:00','0000-00-00 00:00:00',0),(2,51,NULL,'PWTTL.PNG',89120,96,1024,9223372036854775807,1,644,1001,513,'0000-00-00 00:00:00','0000-00-00 00:00:00','0000-00-00 00:00:00','0000-00-00 00:00:00',0),(2,51,NULL,'UGR3.PNG',70213,80,1024,522600917811905840,1,644,1001,513,'0000-00-00 00:00:00','0000-00-00 00:00:00','0000-00-00 00:00:00','0000-00-00 00:00:00',0),(2,51,NULL,'WSUS4.PNG',76646,80,1024,813482001719028947,1,644,1001,513,'0000-00-00 00:00:00','0000-00-00 00:00:00','0000-00-00 00:00:00','0000-00-00 00:00:00',0),(2,52,NULL,'420-8A8-MA_Installation_et_configuration_dun_reseau_perso_Automn',34262,48,1024,9223372036854775807,1,644,1001,513,'0000-00-00 00:00:00','0000-00-00 00:00:00','0000-00-00 00:00:00','0000-00-00 00:00:00',0),(2,52,NULL,'9782212134216.pdf',6580219,6432,1024,677963315998233218,1,644,1001,513,'0000-00-00 00:00:00','0000-00-00 00:00:00','0000-00-00 00:00:00','0000-00-00 00:00:00',0),(2,52,NULL,'Chapitre_2-Installation_et_mise_a_jour_de.pdf',1795619,1760,1024,7992854206278271364,1,644,1001,513,'0000-00-00 00:00:00','0000-00-00 00:00:00','0000-00-00 00:00:00','0000-00-00 00:00:00',0),(2,52,NULL,'Chapitre_2-Installation_et_mise_a_jour_de_Windows_7.pdf',2559056,2512,1024,9223372036854775807,1,644,1001,513,'0000-00-00 00:00:00','0000-00-00 00:00:00','0000-00-00 00:00:00','0000-00-00 00:00:00',0),(2,52,NULL,'Chapitre_3_-_La_configuration_du_systeme_Windows_7.pdf',1765402,1728,1024,9223372036854775807,1,644,1001,513,'0000-00-00 00:00:00','0000-00-00 00:00:00','0000-00-00 00:00:00','0000-00-00 00:00:00',0),(2,52,NULL,'chapitre_4_-Configuration_de_la_restauration_Windows_7.pdf',2882750,2816,1024,9223372036854775807,1,644,1001,513,'0000-00-00 00:00:00','0000-00-00 00:00:00','0000-00-00 00:00:00','0000-00-00 00:00:00',0),(2,52,NULL,'Chapitre_5_-_Securisation_des_dossiers_et_fichiers_NTFS.pdf',1994268,1952,1024,9223372036854775807,1,644,1001,513,'0000-00-00 00:00:00','0000-00-00 00:00:00','0000-00-00 00:00:00','0000-00-00 00:00:00',0),(2,52,NULL,'Chapitre_6_-Gestion_du_reseau.pdf',1839602,1808,1024,1641611970618512060,1,644,1001,513,'0000-00-00 00:00:00','0000-00-00 00:00:00','0000-00-00 00:00:00','0000-00-00 00:00:00',0),(2,52,NULL,'Chapitre1_-Presentation_des_elements_materiels_et_logiciels_d.pd',763885,752,1024,1994427847100690058,1,644,1001,513,'0000-00-00 00:00:00','0000-00-00 00:00:00','0000-00-00 00:00:00','0000-00-00 00:00:00',0),(2,52,NULL,'Chapter 8. VBoxManage.htm',339401,336,1024,7453113397774612706,1,644,1001,513,'0000-00-00 00:00:00','0000-00-00 00:00:00','0000-00-00 00:00:00','0000-00-00 00:00:00',0),(2,52,NULL,'Consignes_consernant_le_Cahier_de_bord.pdf',456178,448,1024,9223372036854775807,1,644,1001,513,'0000-00-00 00:00:00','0000-00-00 00:00:00','0000-00-00 00:00:00','0000-00-00 00:00:00',0),(2,52,NULL,'Ex1122.txt',135,16,1024,9223372036854775807,1,644,1001,513,'0000-00-00 00:00:00','0000-00-00 00:00:00','0000-00-00 00:00:00','0000-00-00 00:00:00',0),(2,52,NULL,'ICS_Windows_7.pptx',454316,448,1024,9223372036854775807,1,644,1001,513,'0000-00-00 00:00:00','0000-00-00 00:00:00','0000-00-00 00:00:00','0000-00-00 00:00:00',0),(2,52,NULL,'IMAG0797.jpg',1003026,992,1024,9223372036854775807,1,444,1001,513,'0000-00-00 00:00:00','0000-00-00 00:00:00','0000-00-00 00:00:00','0000-00-00 00:00:00',0),(2,52,NULL,'Imprimante_et_files_d_attentes.pdf',1188377,1168,1024,8450133222700592378,1,644,1001,513,'0000-00-00 00:00:00','0000-00-00 00:00:00','0000-00-00 00:00:00','0000-00-00 00:00:00',0),(2,52,NULL,'Lab3SL (2).odt',18231,32,1024,9223372036854775807,1,644,1001,513,'0000-00-00 00:00:00','0000-00-00 00:00:00','0000-00-00 00:00:00','0000-00-00 00:00:00',0),(2,52,NULL,'Lab3SL.odt',1397838,1376,1024,9223372036854775807,1,644,1001,513,'0000-00-00 00:00:00','0000-00-00 00:00:00','0000-00-00 00:00:00','0000-00-00 00:00:00',0),(2,52,NULL,'Laboratoire_1_-Windows_7.pdf',393697,400,1024,4360741629658028177,1,644,1001,513,'0000-00-00 00:00:00','0000-00-00 00:00:00','0000-00-00 00:00:00','0000-00-00 00:00:00',0),(2,52,NULL,'Laboratoire3_Realisation_d_un_reseau_pair-a-pair_.pdf',511440,512,1024,9223372036854775807,1,644,1001,513,'0000-00-00 00:00:00','0000-00-00 00:00:00','0000-00-00 00:00:00','0000-00-00 00:00:00',0),(2,52,NULL,'Laboratoires_Windows_7.pdf',561945,560,1024,9223372036854775807,1,644,1001,513,'0000-00-00 00:00:00','0000-00-00 00:00:00','0000-00-00 00:00:00','0000-00-00 00:00:00',0),(2,52,NULL,'Ligne_de_commande_et_racourcis__Windows_7.docx',5231763,5120,1024,9223372036854775807,1,644,1001,513,'0000-00-00 00:00:00','0000-00-00 00:00:00','0000-00-00 00:00:00','0000-00-00 00:00:00',0),(2,52,NULL,'netsh.txt',3131,16,1024,9223372036854775807,1,644,1001,513,'0000-00-00 00:00:00','0000-00-00 00:00:00','0000-00-00 00:00:00','0000-00-00 00:00:00',0),(2,52,NULL,'Notes1018.txt',230,16,1024,2843832973281066279,1,644,1001,513,'0000-00-00 00:00:00','0000-00-00 00:00:00','0000-00-00 00:00:00','0000-00-00 00:00:00',0),(2,52,NULL,'slacasseLab3.zip',1303669,1280,1024,9223372036854775807,1,644,1001,513,'0000-00-00 00:00:00','0000-00-00 00:00:00','0000-00-00 00:00:00','0000-00-00 00:00:00',0),(2,52,NULL,'USB3versus.pdf',1447762,1424,1024,9223372036854775807,1,644,1001,513,'0000-00-00 00:00:00','0000-00-00 00:00:00','0000-00-00 00:00:00','0000-00-00 00:00:00',0),(2,52,NULL,'VPN.pptx',334386,336,1024,9223372036854775807,1,644,1001,513,'0000-00-00 00:00:00','0000-00-00 00:00:00','0000-00-00 00:00:00','0000-00-00 00:00:00',0),(2,52,NULL,'WiresharkExport',38829,48,1024,9223372036854775807,1,644,1001,513,'0000-00-00 00:00:00','0000-00-00 00:00:00','0000-00-00 00:00:00','0000-00-00 00:00:00',0),(2,55,NULL,'ping.txt',958,16,1024,1415288917971145612,1,644,1001,513,'0000-00-00 00:00:00','0000-00-00 00:00:00','0000-00-00 00:00:00','0000-00-00 00:00:00',0),(2,55,NULL,'regeditrouting.png',87098,96,1024,1532288374484087547,1,644,1001,513,'0000-00-00 00:00:00','0000-00-00 00:00:00','0000-00-00 00:00:00','0000-00-00 00:00:00',0),(2,55,NULL,'Service.png',111475,112,1024,9223372036854775807,1,644,1001,513,'0000-00-00 00:00:00','0000-00-00 00:00:00','0000-00-00 00:00:00','0000-00-00 00:00:00',0),(2,56,NULL,'AddIIS.PNG',47140,48,1024,8960130589146639507,1,644,1001,513,'0000-00-00 00:00:00','0000-00-00 00:00:00','0000-00-00 00:00:00','0000-00-00 00:00:00',0),(2,56,NULL,'netstatan.txt',2133,16,1024,2005922517254608058,1,644,1001,513,'0000-00-00 00:00:00','0000-00-00 00:00:00','0000-00-00 00:00:00','0000-00-00 00:00:00',0),(2,56,NULL,'NoIIS1.PNG',148209,160,1024,1326590948479933152,1,644,1001,513,'0000-00-00 00:00:00','0000-00-00 00:00:00','0000-00-00 00:00:00','0000-00-00 00:00:00',0),(2,56,NULL,'ping.txt',1885,16,1024,4114849212339649786,1,644,1001,513,'0000-00-00 00:00:00','0000-00-00 00:00:00','0000-00-00 00:00:00','0000-00-00 00:00:00',0),(2,56,NULL,'regeditowner.PNG',103569,112,1024,9223372036854775807,1,644,1001,513,'0000-00-00 00:00:00','0000-00-00 00:00:00','0000-00-00 00:00:00','0000-00-00 00:00:00',0),(2,56,NULL,'ShareNTFS.PNG',57127,64,1024,9223372036854775807,1,644,1001,513,'0000-00-00 00:00:00','0000-00-00 00:00:00','0000-00-00 00:00:00','0000-00-00 00:00:00',0),(2,56,NULL,'ShareSMB.PNG',80385,80,1024,9223372036854775807,1,644,1001,513,'0000-00-00 00:00:00','0000-00-00 00:00:00','0000-00-00 00:00:00','0000-00-00 00:00:00',0),(2,56,NULL,'Telnet.PNG',48043,48,1024,4508287079420765635,1,644,1001,513,'0000-00-00 00:00:00','0000-00-00 00:00:00','0000-00-00 00:00:00','0000-00-00 00:00:00',0),(2,56,NULL,'User.PNG',114961,128,1024,9223372036854775807,1,644,1001,513,'0000-00-00 00:00:00','0000-00-00 00:00:00','0000-00-00 00:00:00','0000-00-00 00:00:00',0),(2,56,NULL,'Wireshark.PNG',162649,160,1024,9223372036854775807,1,644,1001,513,'0000-00-00 00:00:00','0000-00-00 00:00:00','0000-00-00 00:00:00','0000-00-00 00:00:00',0),(2,56,NULL,'Wireshark16cap.pcapng',8424,16,1024,1204586863190598422,1,644,1001,513,'0000-00-00 00:00:00','0000-00-00 00:00:00','0000-00-00 00:00:00','0000-00-00 00:00:00',0),(2,56,NULL,'WiresharkExport',38829,48,1024,9223372036854775807,1,644,1001,513,'0000-00-00 00:00:00','0000-00-00 00:00:00','0000-00-00 00:00:00','0000-00-00 00:00:00',0),(2,56,NULL,'WiresharkK12.txt',22729,32,1024,9223372036854775807,1,644,1001,513,'0000-00-00 00:00:00','0000-00-00 00:00:00','0000-00-00 00:00:00','0000-00-00 00:00:00',0),(2,57,NULL,'Win8ver.PNG',264125,272,1024,68072136971220669,1,644,1001,513,'0000-00-00 00:00:00','0000-00-00 00:00:00','0000-00-00 00:00:00','0000-00-00 00:00:00',0),(2,58,NULL,'help Get-Adapter.txt',931,16,1024,2060565178071147432,1,644,1001,513,'0000-00-00 00:00:00','0000-00-00 00:00:00','0000-00-00 00:00:00','0000-00-00 00:00:00',0),(2,58,NULL,'HelpIncompletFaireGetHelp.txt',1237,16,1024,9223372036854775807,1,644,1001,513,'0000-00-00 00:00:00','0000-00-00 00:00:00','0000-00-00 00:00:00','0000-00-00 00:00:00',0),(2,58,NULL,'MountUser7aPW7a.PNG',24984,32,1024,6698178457550248493,1,644,1001,513,'0000-00-00 00:00:00','0000-00-00 00:00:00','0000-00-00 00:00:00','0000-00-00 00:00:00',0),(2,58,NULL,'MountUser7aPW8b.PNG',13368,16,1024,9223372036854775807,1,644,1001,513,'0000-00-00 00:00:00','0000-00-00 00:00:00','0000-00-00 00:00:00','0000-00-00 00:00:00',0),(2,58,NULL,'MountUser8b.PNG',13391,16,1024,9223372036854775807,1,644,1001,513,'0000-00-00 00:00:00','0000-00-00 00:00:00','0000-00-00 00:00:00','0000-00-00 00:00:00',0),(2,58,NULL,'MountUser8bPW7a.PNG',13391,16,1024,9223372036854775807,1,644,1001,513,'0000-00-00 00:00:00','0000-00-00 00:00:00','0000-00-00 00:00:00','0000-00-00 00:00:00',0),(2,58,NULL,'netsh.PNG',157016,160,1024,9223372036854775807,1,644,1001,513,'0000-00-00 00:00:00','0000-00-00 00:00:00','0000-00-00 00:00:00','0000-00-00 00:00:00',0),(2,58,NULL,'netsh.txt',118,16,1024,9223372036854775807,1,644,1001,513,'0000-00-00 00:00:00','0000-00-00 00:00:00','0000-00-00 00:00:00','0000-00-00 00:00:00',0),(2,58,NULL,'PartageWin7a.PNG',23959,32,1024,8038447516412377890,1,644,1001,513,'0000-00-00 00:00:00','0000-00-00 00:00:00','0000-00-00 00:00:00','0000-00-00 00:00:00',0),(2,58,NULL,'ping.txt',1992,16,1024,1868465757496543873,1,644,1001,513,'0000-00-00 00:00:00','0000-00-00 00:00:00','0000-00-00 00:00:00','0000-00-00 00:00:00',0),(2,58,NULL,'regeditowner.PNG',103569,112,1024,74250342685014973,1,644,1001,513,'0000-00-00 00:00:00','0000-00-00 00:00:00','0000-00-00 00:00:00','0000-00-00 00:00:00',0),(2,58,NULL,'telnetlogin.txt',436,16,1024,9223372036854775807,1,644,1001,513,'0000-00-00 00:00:00','0000-00-00 00:00:00','0000-00-00 00:00:00','0000-00-00 00:00:00',0),(2,58,NULL,'Topics.txt',77,16,1024,1288318623933335891,1,644,1001,513,'0000-00-00 00:00:00','0000-00-00 00:00:00','0000-00-00 00:00:00','0000-00-00 00:00:00',0),(2,58,NULL,'user.PNG',21838,32,1024,9223372036854775807,1,644,1001,513,'0000-00-00 00:00:00','0000-00-00 00:00:00','0000-00-00 00:00:00','0000-00-00 00:00:00',0),(2,58,NULL,'Win8GetModuleList.txt',7044,16,1024,1207843607023998457,1,644,1001,513,'0000-00-00 00:00:00','0000-00-00 00:00:00','0000-00-00 00:00:00','0000-00-00 00:00:00',0),(2,58,NULL,'winver.PNG',112656,112,1024,7642375922471909391,1,644,1001,513,'0000-00-00 00:00:00','0000-00-00 00:00:00','0000-00-00 00:00:00','0000-00-00 00:00:00',0),(2,59,NULL,'Lab2SL.odt',255089,256,1024,9223372036854775807,1,644,1001,513,'0000-00-00 00:00:00','0000-00-00 00:00:00','0000-00-00 00:00:00','0000-00-00 00:00:00',0),(2,60,NULL,'Groupes.PNG',71850,80,1024,700602148724975446,1,644,1001,513,'0000-00-00 00:00:00','0000-00-00 00:00:00','0000-00-00 00:00:00','0000-00-00 00:00:00',0),(2,60,NULL,'GrpNDirCmd.log',660,16,1024,6606972315905219294,1,644,1001,513,'0000-00-00 00:00:00','0000-00-00 00:00:00','0000-00-00 00:00:00','0000-00-00 00:00:00',0),(2,60,NULL,'Install.PNG',78265,80,1024,7912432432493139396,1,644,1001,513,'0000-00-00 00:00:00','0000-00-00 00:00:00','0000-00-00 00:00:00','0000-00-00 00:00:00',0),(2,60,NULL,'mkgrp.bat',371,16,1024,9223372036854775807,1,644,1001,513,'0000-00-00 00:00:00','0000-00-00 00:00:00','0000-00-00 00:00:00','0000-00-00 00:00:00',0),(2,60,NULL,'mkgrp.log',976,16,1024,9223372036854775807,1,644,1001,513,'0000-00-00 00:00:00','0000-00-00 00:00:00','0000-00-00 00:00:00','0000-00-00 00:00:00',0),(2,60,NULL,'mkuser.bat',1125,16,1024,9223372036854775807,1,644,1001,513,'0000-00-00 00:00:00','0000-00-00 00:00:00','0000-00-00 00:00:00','0000-00-00 00:00:00',0),(2,60,NULL,'mkuser.log',2535,16,1024,9223372036854775807,1,644,1001,513,'0000-00-00 00:00:00','0000-00-00 00:00:00','0000-00-00 00:00:00','0000-00-00 00:00:00',0),(2,60,NULL,'SandraIacls.PNG',18583,32,1024,5448380555775037128,1,644,1001,513,'0000-00-00 00:00:00','0000-00-00 00:00:00','0000-00-00 00:00:00','0000-00-00 00:00:00',0),(2,60,NULL,'Users.PNG',66893,80,1024,9223372036854775807,1,644,1001,513,'0000-00-00 00:00:00','0000-00-00 00:00:00','0000-00-00 00:00:00','0000-00-00 00:00:00',0),(2,62,NULL,'desktop.ini',85,16,1024,5135187174124873212,1,644,1001,513,'0000-00-00 00:00:00','0000-00-00 00:00:00','0000-00-00 00:00:00','0000-00-00 00:00:00',0),(2,63,NULL,'C1PW.PNG',54267,64,1024,9223372036854775807,1,644,1001,513,'0000-00-00 00:00:00','0000-00-00 00:00:00','0000-00-00 00:00:00','0000-00-00 00:00:00',0),(2,63,NULL,'C1PWTTL.PNG',17245,32,1024,2494558200468694561,1,644,1001,513,'0000-00-00 00:00:00','0000-00-00 00:00:00','0000-00-00 00:00:00','0000-00-00 00:00:00',0),(2,63,NULL,'C3Msg.PNG',19811,32,1024,1429668004939542555,1,644,1001,513,'0000-00-00 00:00:00','0000-00-00 00:00:00','0000-00-00 00:00:00','0000-00-00 00:00:00',0),(2,63,NULL,'C4LastUser.PNG',18121,32,1024,9223372036854775807,1,644,1001,513,'0000-00-00 00:00:00','0000-00-00 00:00:00','0000-00-00 00:00:00','0000-00-00 00:00:00',0),(2,63,NULL,'desktop.ini',504,16,1024,9223372036854775807,1,644,1001,513,'0000-00-00 00:00:00','0000-00-00 00:00:00','0000-00-00 00:00:00','0000-00-00 00:00:00',0),(2,63,NULL,'DWD2am.PNG',58369,64,1024,537100485498991609,1,644,1001,513,'0000-00-00 00:00:00','0000-00-00 00:00:00','0000-00-00 00:00:00','0000-00-00 00:00:00',0),(2,63,NULL,'E2Secur.PNG',30956,32,1024,9223372036854775807,1,644,1001,513,'0000-00-00 00:00:00','0000-00-00 00:00:00','0000-00-00 00:00:00','0000-00-00 00:00:00',0),(2,63,NULL,'ELaser1.PNG',32584,32,1024,8190810578973741973,1,644,1001,513,'0000-00-00 00:00:00','0000-00-00 00:00:00','0000-00-00 00:00:00','0000-00-00 00:00:00',0),(2,63,NULL,'F1.PNG',57688,64,1024,9223372036854775807,1,644,1001,513,'0000-00-00 00:00:00','0000-00-00 00:00:00','0000-00-00 00:00:00','0000-00-00 00:00:00',0),(2,63,NULL,'F1a.PNG',21102,32,1024,5004940673578846816,1,644,1001,513,'0000-00-00 00:00:00','0000-00-00 00:00:00','0000-00-00 00:00:00','0000-00-00 00:00:00',0),(2,63,NULL,'F1a0.PNG',16959,32,1024,4084692529664258886,1,644,1001,513,'0000-00-00 00:00:00','0000-00-00 00:00:00','0000-00-00 00:00:00','0000-00-00 00:00:00',0),(2,63,NULL,'F1c.PNG',28487,32,1024,5147008753671538786,1,644,1001,513,'0000-00-00 00:00:00','0000-00-00 00:00:00','0000-00-00 00:00:00','0000-00-00 00:00:00',0),(2,63,NULL,'Groupes.PNG',71850,80,1024,4549111561955815703,1,644,1001,513,'0000-00-00 00:00:00','0000-00-00 00:00:00','0000-00-00 00:00:00','0000-00-00 00:00:00',0),(2,63,NULL,'Install.PNG',78265,80,1024,9223372036854775807,1,644,1001,513,'0000-00-00 00:00:00','0000-00-00 00:00:00','0000-00-00 00:00:00','0000-00-00 00:00:00',0),(2,63,NULL,'SandraIacls.PNG',18583,32,1024,9223372036854775807,1,644,1001,513,'0000-00-00 00:00:00','0000-00-00 00:00:00','0000-00-00 00:00:00','0000-00-00 00:00:00',0),(2,63,NULL,'Users.PNG',66893,80,1024,7869584444204507858,1,644,1001,513,'0000-00-00 00:00:00','0000-00-00 00:00:00','0000-00-00 00:00:00','0000-00-00 00:00:00',0),(2,64,NULL,'desktop.ini',380,16,1024,5980477994751457120,1,644,1001,513,'0000-00-00 00:00:00','0000-00-00 00:00:00','0000-00-00 00:00:00','0000-00-00 00:00:00',0),(2,65,NULL,'Chrysanthemum.jpg',879394,864,1024,9223372036854775807,1,644,1001,513,'0000-00-00 00:00:00','0000-00-00 00:00:00','0000-00-00 00:00:00','0000-00-00 00:00:00',0),(2,65,NULL,'Desert.jpg',845941,832,1024,8284528149472261675,1,644,1001,513,'0000-00-00 00:00:00','0000-00-00 00:00:00','0000-00-00 00:00:00','0000-00-00 00:00:00',0),(2,65,NULL,'desktop.ini',1120,16,1024,9223372036854775807,1,644,1001,513,'0000-00-00 00:00:00','0000-00-00 00:00:00','0000-00-00 00:00:00','0000-00-00 00:00:00',0),(2,65,NULL,'Hydrangeas.jpg',595284,592,1024,9223372036854775807,1,644,1001,513,'0000-00-00 00:00:00','0000-00-00 00:00:00','0000-00-00 00:00:00','0000-00-00 00:00:00',0),(2,65,NULL,'Jellyfish.jpg',775702,768,1024,2196849601803287110,1,644,1001,513,'0000-00-00 00:00:00','0000-00-00 00:00:00','0000-00-00 00:00:00','0000-00-00 00:00:00',0),(2,65,NULL,'Koala.jpg',780831,768,1024,9223372036854775807,1,644,1001,513,'0000-00-00 00:00:00','0000-00-00 00:00:00','0000-00-00 00:00:00','0000-00-00 00:00:00',0),(2,65,NULL,'Lighthouse.jpg',561276,560,1024,7837057639927446944,1,644,1001,513,'0000-00-00 00:00:00','0000-00-00 00:00:00','0000-00-00 00:00:00','0000-00-00 00:00:00',0),(2,65,NULL,'Penguins.jpg',777835,768,1024,9223372036854775807,1,644,1001,513,'0000-00-00 00:00:00','0000-00-00 00:00:00','0000-00-00 00:00:00','0000-00-00 00:00:00',0),(2,65,NULL,'Tulips.jpg',620888,608,1024,4258762582002202231,1,644,1001,513,'0000-00-00 00:00:00','0000-00-00 00:00:00','0000-00-00 00:00:00','0000-00-00 00:00:00',0),(2,66,NULL,'desktop.ini',85,16,1024,8798270938218487357,1,644,1001,513,'0000-00-00 00:00:00','0000-00-00 00:00:00','0000-00-00 00:00:00','0000-00-00 00:00:00',0),(2,67,NULL,'desktop.ini',402,16,1024,9223372036854775807,1,644,1001,513,'0000-00-00 00:00:00','0000-00-00 00:00:00','0000-00-00 00:00:00','0000-00-00 00:00:00',0),(2,67,NULL,'GrpNDirCmd.log',660,16,1024,7184186784662636133,1,644,1001,513,'0000-00-00 00:00:00','0000-00-00 00:00:00','0000-00-00 00:00:00','0000-00-00 00:00:00',0),(2,67,NULL,'mkgrp.bat',371,16,1024,9223372036854775807,1,644,1001,513,'0000-00-00 00:00:00','0000-00-00 00:00:00','0000-00-00 00:00:00','0000-00-00 00:00:00',0),(2,67,NULL,'mkgrp.log',976,16,1024,9223372036854775807,1,644,1001,513,'0000-00-00 00:00:00','0000-00-00 00:00:00','0000-00-00 00:00:00','0000-00-00 00:00:00',0),(2,67,NULL,'mkuser.bat',1125,16,1024,8735652113947118793,1,644,1001,513,'0000-00-00 00:00:00','0000-00-00 00:00:00','0000-00-00 00:00:00','0000-00-00 00:00:00',0),(2,67,NULL,'mkuser.log',2535,16,1024,8735652156980325176,1,644,1001,513,'0000-00-00 00:00:00','0000-00-00 00:00:00','0000-00-00 00:00:00','0000-00-00 00:00:00',0),(2,67,NULL,'showgrpuser.bat',364,16,1024,3774781118402160545,1,644,1001,513,'0000-00-00 00:00:00','0000-00-00 00:00:00','0000-00-00 00:00:00','0000-00-00 00:00:00',0),(2,67,NULL,'showgrpuser.log',16717,32,1024,3774781161435366928,1,644,1001,513,'0000-00-00 00:00:00','0000-00-00 00:00:00','0000-00-00 00:00:00','0000-00-00 00:00:00',0),(2,67,NULL,'showgrpuser2.log',17149,32,1024,9223372036854775807,1,644,1001,513,'0000-00-00 00:00:00','0000-00-00 00:00:00','0000-00-00 00:00:00','0000-00-00 00:00:00',0),(2,68,NULL,'desktop.ini',278,16,1024,9223372036854775807,1,644,1001,513,'0000-00-00 00:00:00','0000-00-00 00:00:00','0000-00-00 00:00:00','0000-00-00 00:00:00',0),(2,69,NULL,'ftp.txt',8127,16,1024,9223372036854775807,1,644,1001,513,'0000-00-00 00:00:00','0000-00-00 00:00:00','0000-00-00 00:00:00','0000-00-00 00:00:00',0),(2,69,NULL,'Horaire_(Groupe_15613)_edit-6 oct mod.pdf',97758,96,1024,9223372036854775807,1,644,1001,513,'0000-00-00 00:00:00','0000-00-00 00:00:00','0000-00-00 00:00:00','0000-00-00 00:00:00',0),(2,70,NULL,'1-intro_outils.zip',2759869,2704,1024,6056823730108616267,1,644,1001,513,'0000-00-00 00:00:00','0000-00-00 00:00:00','0000-00-00 00:00:00','0000-00-00 00:00:00',0),(2,70,NULL,'420-275-MA_Architecture_dun_reseau_informatique_A2016_JR_15613.p',405703,400,1024,7904160354147228803,1,644,1001,513,'0000-00-00 00:00:00','0000-00-00 00:00:00','0000-00-00 00:00:00','0000-00-00 00:00:00',0),(2,70,NULL,'Agenda_CCNA_15613.docx',16365,16,1024,9223372036854775807,1,644,1001,513,'0000-00-00 00:00:00','0000-00-00 00:00:00','0000-00-00 00:00:00','0000-00-00 00:00:00',0),(2,70,NULL,'etmp.txt',5635,16,1024,9223372036854775807,1,644,1001,513,'0000-00-00 00:00:00','0000-00-00 00:00:00','0000-00-00 00:00:00','0000-00-00 00:00:00',0),(2,70,NULL,'pretest.pkt',288071,288,1024,572182736312548825,1,644,1001,513,'0000-00-00 00:00:00','0000-00-00 00:00:00','0000-00-00 00:00:00','0000-00-00 00:00:00',0),(2,70,NULL,'PT-Assessment-Client.jnlp',1538,16,1024,9223372036854775807,1,644,1001,513,'0000-00-00 00:00:00','0000-00-00 00:00:00','0000-00-00 00:00:00','0000-00-00 00:00:00',0),(2,70,NULL,'reseau2.3.3.4.png',12112,16,1024,1779723479163900061,1,644,1001,513,'0000-00-00 00:00:00','0000-00-00 00:00:00','0000-00-00 00:00:00','0000-00-00 00:00:00',0),(2,70,NULL,'Steps1012.txt',117,16,1024,7507546147656828258,1,644,1001,513,'0000-00-00 00:00:00','0000-00-00 00:00:00','0000-00-00 00:00:00','0000-00-00 00:00:00',0),(2,70,NULL,'tstip.txt',307,16,1024,9223372036854775807,1,644,1001,513,'0000-00-00 00:00:00','0000-00-00 00:00:00','0000-00-00 00:00:00','0000-00-00 00:00:00',0),(2,71,NULL,'2Creation_de_sous_reseaux.doc',74240,80,1024,9223372036854775807,1,644,1001,513,'0000-00-00 00:00:00','0000-00-00 00:00:00','0000-00-00 00:00:00','0000-00-00 00:00:00',0),(2,71,NULL,'6.1.3.2 Video - Sample IPv4 Headers in Wireshark.pdf',116512,128,1024,8742919449355917943,1,644,1001,513,'0000-00-00 00:00:00','0000-00-00 00:00:00','0000-00-00 00:00:00','0000-00-00 00:00:00',0),(2,71,NULL,'6.1.3.2 Video Slides - IPv4 Wireshark Captures.pdf',1297935,1280,1024,9077114972032257943,1,644,1001,513,'0000-00-00 00:00:00','0000-00-00 00:00:00','0000-00-00 00:00:00','0000-00-00 00:00:00',0),(2,71,NULL,'6.1.4.4 Video Slides - IPv6 Wireshark Captures.pdf',1262360,1248,1024,6637509306712824786,1,644,1001,513,'0000-00-00 00:00:00','0000-00-00 00:00:00','0000-00-00 00:00:00','0000-00-00 00:00:00',0),(2,71,NULL,'6.1.4.5 Video - Sample IPv6 Headers in Wireshark.pdf',117978,128,1024,9223372036854775807,1,644,1001,513,'0000-00-00 00:00:00','0000-00-00 00:00:00','0000-00-00 00:00:00','0000-00-00 00:00:00',0),(2,71,NULL,'cours_10_couche_reseau.zip',2499112,2448,1024,8483504373010544930,1,644,1001,513,'0000-00-00 00:00:00','0000-00-00 00:00:00','0000-00-00 00:00:00','0000-00-00 00:00:00',0),(2,71,NULL,'cours_12_chapitre8_lab_etudiants.zip',2679078,2624,1024,3889224251540545231,1,644,1001,513,'0000-00-00 00:00:00','0000-00-00 00:00:00','0000-00-00 00:00:00','0000-00-00 00:00:00',0),(2,71,NULL,'cours_13_chapitre_9_couche_transport.zip',1658609,1632,1024,189611256475239960,1,644,1001,513,'0000-00-00 00:00:00','0000-00-00 00:00:00','0000-00-00 00:00:00','0000-00-00 00:00:00',0),(2,71,NULL,'Cours_5_chapitre_3MustNonNote.zip',1751573,1712,1024,7936500847160782827,1,644,1001,513,'0000-00-00 00:00:00','0000-00-00 00:00:00','0000-00-00 00:00:00','0000-00-00 00:00:00',0),(2,71,NULL,'Cours_7.zip',2110494,2064,1024,2942945361378087228,1,644,1001,513,'0000-00-00 00:00:00','0000-00-00 00:00:00','0000-00-00 00:00:00','0000-00-00 00:00:00',0),(2,71,NULL,'cours11_chapitre7_Adressage_IP.zip',2505150,2448,1024,3690584099955653432,1,644,1001,513,'0000-00-00 00:00:00','0000-00-00 00:00:00','0000-00-00 00:00:00','0000-00-00 00:00:00',0),(2,71,NULL,'cours6_chapitre4_access_reseau.zip',2307657,2256,1024,1912197704431362544,1,644,1001,513,'0000-00-00 00:00:00','0000-00-00 00:00:00','0000-00-00 00:00:00','0000-00-00 00:00:00',0),(2,71,NULL,'Exercice_DNS.pkt',41394,48,1024,4702901993747799638,1,644,1001,513,'0000-00-00 00:00:00','0000-00-00 00:00:00','0000-00-00 00:00:00','0000-00-00 00:00:00',0),(2,71,NULL,'Lab_supplementaire.zip',605306,592,1024,9223372036854775807,1,644,1001,513,'0000-00-00 00:00:00','0000-00-00 00:00:00','0000-00-00 00:00:00','0000-00-00 00:00:00',0),(2,71,NULL,'Le_modele_OSI.pdf',290337,288,1024,3202018962450954515,1,644,1001,513,'0000-00-00 00:00:00','0000-00-00 00:00:00','0000-00-00 00:00:00','0000-00-00 00:00:00',0),(2,71,NULL,'Quiz1124.txt',126,16,1024,1269563609539908498,1,644,1001,513,'0000-00-00 00:00:00','0000-00-00 00:00:00','0000-00-00 00:00:00','0000-00-00 00:00:00',0),(2,71,NULL,'Revision_pratique_2016_V2.pdf',437897,432,1024,9223372036854775807,1,644,1001,513,'0000-00-00 00:00:00','0000-00-00 00:00:00','0000-00-00 00:00:00','0000-00-00 00:00:00',0),(2,71,NULL,'Revsion_theorique_chapitre12345.docx',115022,128,1024,9223372036854775807,1,644,1001,513,'0000-00-00 00:00:00','0000-00-00 00:00:00','0000-00-00 00:00:00','0000-00-00 00:00:00',0),(2,71,NULL,'routage_exemples_supplementaires.zip',77841,80,1024,9223372036854775807,1,644,1001,513,'0000-00-00 00:00:00','0000-00-00 00:00:00','0000-00-00 00:00:00','0000-00-00 00:00:00',0),(2,71,NULL,'Trames_Ethernet.doc',28160,32,1024,9223372036854775807,1,644,1001,513,'0000-00-00 00:00:00','0000-00-00 00:00:00','0000-00-00 00:00:00','0000-00-00 00:00:00',0),(2,71,NULL,'VLSM1.txt',228,16,1024,2283157360456295498,1,644,1001,513,'0000-00-00 00:00:00','0000-00-00 00:00:00','0000-00-00 00:00:00','0000-00-00 00:00:00',0),(2,72,NULL,'ITN_instructorPPT_Chapter6.pdf',2000438,1968,1024,9223372036854775807,1,644,1001,513,'0000-00-00 00:00:00','0000-00-00 00:00:00','0000-00-00 00:00:00','0000-00-00 00:00:00',0),(2,73,NULL,'6.3.1.10 Packet Tracer - Exploring Internetworking Devices Instr',111836,112,1024,8543453506268259502,1,644,1001,513,'0000-00-00 00:00:00','0000-00-00 00:00:00','0000-00-00 00:00:00','0000-00-00 00:00:00',0),(2,73,NULL,'6.3.1.10 Packet Tracer - Exploring Internetworking Devices.pka',122108,128,1024,9223372036854775807,1,644,1001,513,'0000-00-00 00:00:00','0000-00-00 00:00:00','0000-00-00 00:00:00','0000-00-00 00:00:00',0),(2,73,NULL,'6.4.1.2 Packet Tracer - Configure Initial Router Settings Instru',92140,96,1024,9223372036854775807,1,644,1001,513,'0000-00-00 00:00:00','0000-00-00 00:00:00','0000-00-00 00:00:00','0000-00-00 00:00:00',0),(2,73,NULL,'6.4.1.2 Packet Tracer - Configure Initial Router Settings.pka',59387,64,1024,9223372036854775807,1,644,1001,513,'0000-00-00 00:00:00','0000-00-00 00:00:00','0000-00-00 00:00:00','0000-00-00 00:00:00',0),(2,73,NULL,'6.4.3.3 Packet Tracer - Connect a Router to a LAN Instructions.d',106319,112,1024,9223372036854775807,1,644,1001,513,'0000-00-00 00:00:00','0000-00-00 00:00:00','0000-00-00 00:00:00','0000-00-00 00:00:00',0),(2,73,NULL,'6.4.3.3 Packet Tracer - Connect a Router to a LAN.pka',121184,128,1024,9223372036854775807,1,644,1001,513,'0000-00-00 00:00:00','0000-00-00 00:00:00','0000-00-00 00:00:00','0000-00-00 00:00:00',0),(2,73,NULL,'6.4.3.4 Packet Tracer - Troubleshooting Default Gateway Issues I',102810,112,1024,7095048912991445234,1,644,1001,513,'0000-00-00 00:00:00','0000-00-00 00:00:00','0000-00-00 00:00:00','0000-00-00 00:00:00',0),(2,73,NULL,'6.4.3.4 Packet Tracer - Troubleshooting Default Gateway Issues.p',82919,96,1024,8855953322503701569,1,644,1001,513,'0000-00-00 00:00:00','0000-00-00 00:00:00','0000-00-00 00:00:00','0000-00-00 00:00:00',0),(2,73,NULL,'6.5.1.2 Packet Tracer Skills Integration Challenge Instructions.',77188,80,1024,9223372036854775807,1,644,1001,513,'0000-00-00 00:00:00','0000-00-00 00:00:00','0000-00-00 00:00:00','0000-00-00 00:00:00',0),(2,73,NULL,'6.5.1.2 Packet Tracer Skills Integration Challenge.pka',84444,96,1024,9223372036854775807,1,644,1001,513,'0000-00-00 00:00:00','0000-00-00 00:00:00','0000-00-00 00:00:00','0000-00-00 00:00:00',0),(2,74,NULL,'ITN_instructorPPT_Chapter5.pdf',1995594,1952,1024,3797557445675626532,1,644,1001,513,'0000-00-00 00:00:00','0000-00-00 00:00:00','0000-00-00 00:00:00','0000-00-00 00:00:00',0),(2,75,NULL,'5.1.4.4 Packet Tracer - Identify MAC and IP Addresses Instructio',104252,112,1024,9223372036854775807,1,644,1001,513,'0000-00-00 00:00:00','0000-00-00 00:00:00','0000-00-00 00:00:00','0000-00-00 00:00:00',0),(2,75,NULL,'5.1.4.4 Packet Tracer - Identify MAC and IP Addresses.pka',94919,96,1024,9223372036854775807,1,644,1001,513,'0000-00-00 00:00:00','0000-00-00 00:00:00','0000-00-00 00:00:00','0000-00-00 00:00:00',0),(2,75,NULL,'5.2.1.7 Packet Tracer - Examine the ARP Table Instructions.docx',113021,112,1024,8453531472798238473,1,644,1001,513,'0000-00-00 00:00:00','0000-00-00 00:00:00','0000-00-00 00:00:00','0000-00-00 00:00:00',0),(2,75,NULL,'5.2.1.7 Packet Tracer - Examine the ARP Table.pka',118285,128,1024,1666644251493870296,1,644,1001,513,'0000-00-00 00:00:00','0000-00-00 00:00:00','0000-00-00 00:00:00','0000-00-00 00:00:00',0),(2,75,NULL,'5.3.3.5 Packet Tracer - Configure Layer 3 Switches Instructions.',99776,112,1024,5880536828426929599,1,644,1001,513,'0000-00-00 00:00:00','0000-00-00 00:00:00','0000-00-00 00:00:00','0000-00-00 00:00:00',0),(2,75,NULL,'5.3.3.5 Packet Tracer - Configure Layer 3 Switches.pka',92394,96,1024,6900199780794435214,1,644,1001,513,'0000-00-00 00:00:00','0000-00-00 00:00:00','0000-00-00 00:00:00','0000-00-00 00:00:00',0),(2,76,NULL,'1.3.1.3_Lab_-_Mapping_the_Internet.docx',947500,928,1024,8899180078355666158,1,644,1001,513,'0000-00-00 00:00:00','0000-00-00 00:00:00','0000-00-00 00:00:00','0000-00-00 00:00:00',0),(2,76,NULL,'6_Intro_a_Packet_Tracer.pdf',851103,832,1024,9110333329115950803,1,644,1001,513,'0000-00-00 00:00:00','0000-00-00 00:00:00','0000-00-00 00:00:00','0000-00-00 00:00:00',0),(2,76,NULL,'7_Labo_Reseau_pair-a-pair.pdf',1050316,1040,1024,6951314658746402865,1,644,1001,513,'0000-00-00 00:00:00','0000-00-00 00:00:00','0000-00-00 00:00:00','0000-00-00 00:00:00',0),(2,76,NULL,'8-Reseau_local_switch.pdf',711715,704,1024,9223372036854775807,1,644,1001,513,'0000-00-00 00:00:00','0000-00-00 00:00:00','0000-00-00 00:00:00','0000-00-00 00:00:00',0),(2,77,NULL,'2_ITN_instructorPPT_Chapter1.pdf',1689620,1664,1024,9223372036854775807,1,644,1001,513,'0000-00-00 00:00:00','0000-00-00 00:00:00','0000-00-00 00:00:00','0000-00-00 00:00:00',0),(2,77,NULL,'3_lab_1.1.1.8_-_Researching_Network_Collaboration_Tools.pdf',2210025,2160,1024,9223372036854775807,1,644,1001,513,'0000-00-00 00:00:00','0000-00-00 00:00:00','0000-00-00 00:00:00','0000-00-00 00:00:00',0),(2,77,NULL,'SL3_lab_1.1.1.8_-_Researching_Network_Collaboration_Tools.pdf',2188078,2144,1024,9223372036854775807,1,644,1001,513,'0000-00-00 00:00:00','0000-00-00 00:00:00','0000-00-00 00:00:00','0000-00-00 00:00:00',0),(2,78,NULL,'1Classes_dadresses_IP.doc',51200,64,1024,8865975905900491419,1,644,1001,513,'0000-00-00 00:00:00','0000-00-00 00:00:00','0000-00-00 00:00:00','0000-00-00 00:00:00',0),(2,78,NULL,'5Quiz.xls',29184,32,1024,4923010578693888484,1,644,1001,513,'0000-00-00 00:00:00','0000-00-00 00:00:00','0000-00-00 00:00:00','0000-00-00 00:00:00',0),(2,78,NULL,'Chaptire_7_adressage.pdf',2599479,2544,1024,2632158893774545017,1,644,1001,513,'0000-00-00 00:00:00','0000-00-00 00:00:00','0000-00-00 00:00:00','0000-00-00 00:00:00',0),(2,78,NULL,'SL5Quiz.xls',43008,48,1024,3717981653034189035,1,644,1001,513,'0000-00-00 00:00:00','0000-00-00 00:00:00','0000-00-00 00:00:00','0000-00-00 00:00:00',0),(2,78,NULL,'5Quiz.xls',29184,32,1024,4923010578693888484,1,644,1001,513,'0000-00-00 00:00:00','0000-00-00 00:00:00','0000-00-00 00:00:00','0000-00-00 00:00:00',0),(2,78,NULL,'Chaptire_7_adressage.pdf',2599479,2544,1024,2632158893774545017,1,644,1001,513,'0000-00-00 00:00:00','0000-00-00 00:00:00','0000-00-00 00:00:00','0000-00-00 00:00:00',0),(2,78,NULL,'SL5Quiz.xls',43008,48,1024,3717981653034189035,1,644,1001,513,'0000-00-00 00:00:00','0000-00-00 00:00:00','0000-00-00 00:00:00','0000-00-00 00:00:00',0),(2,78,NULL,'Chaptire_7_adressage.pdf',2599479,2544,1024,2632158893774545017,1,644,1001,513,'0000-00-00 00:00:00','0000-00-00 00:00:00','0000-00-00 00:00:00','0000-00-00 00:00:00',0),(2,78,NULL,'SL5Quiz.xls',43008,48,1024,3717981653034189035,1,644,1001,513,'0000-00-00 00:00:00','0000-00-00 00:00:00','0000-00-00 00:00:00','0000-00-00 00:00:00',0),(2,78,NULL,'SL5Quiz.xls',43008,48,1024,3717981653034189035,1,644,1001,513,'0000-00-00 00:00:00','0000-00-00 00:00:00','0000-00-00 00:00:00','0000-00-00 00:00:00',0),(2,79,NULL,'7.2.5.3 Packet Tracer - Configuring IPv6 Addressing Instructions',107868,112,1024,569431452768865038,1,644,1001,513,'0000-00-00 00:00:00','0000-00-00 00:00:00','0000-00-00 00:00:00','0000-00-00 00:00:00',0),(2,79,NULL,'7.2.5.3 Packet Tracer - Configuring IPv6 Addressing.pka',185552,192,1024,9223372036854775807,1,644,1001,513,'0000-00-00 00:00:00','0000-00-00 00:00:00','0000-00-00 00:00:00','0000-00-00 00:00:00',0),(2,80,NULL,'ITN_instructorPPT_Chapter4.pdf',2537975,2480,1024,9223372036854775807,1,644,1001,513,'0000-00-00 00:00:00','0000-00-00 00:00:00','0000-00-00 00:00:00','0000-00-00 00:00:00',0),(2,81,NULL,'4.2.4.5 Packet Tracer - Connecting a Wired and Wireless LAN Inst',113644,112,1024,8563798551959834702,1,644,1001,513,'0000-00-00 00:00:00','0000-00-00 00:00:00','0000-00-00 00:00:00','0000-00-00 00:00:00',0),(2,81,NULL,'4.2.4.5 Packet Tracer - Connecting a Wired and Wireless LAN.pka',127091,128,1024,242638977066153373,1,644,1001,513,'0000-00-00 00:00:00','0000-00-00 00:00:00','0000-00-00 00:00:00','0000-00-00 00:00:00',0),(2,83,NULL,'ITN_instructorPPT_Chapter3.pdf',1320407,1296,1024,6900125994184753889,1,644,1001,513,'0000-00-00 00:00:00','0000-00-00 00:00:00','0000-00-00 00:00:00','0000-00-00 00:00:00',0),(2,84,NULL,'3.2.4.6 Packet Tracer - Investigating the TCP-IP and OSI Models ',86437,96,1024,413976849490502615,1,644,1001,513,'0000-00-00 00:00:00','0000-00-00 00:00:00','0000-00-00 00:00:00','0000-00-00 00:00:00',0),(2,84,NULL,'3.2.4.6 Packet Tracer - Investigating the TCP-IP and OSI Models ',70203,80,1024,8786721211780593830,1,644,1001,513,'0000-00-00 00:00:00','0000-00-00 00:00:00','0000-00-00 00:00:00','0000-00-00 00:00:00',0),(2,84,NULL,'3.3.3.3 Packet Tracer - Explore a Network Instructions.docx',151719,160,1024,7416564552431559165,1,644,1001,513,'0000-00-00 00:00:00','0000-00-00 00:00:00','0000-00-00 00:00:00','0000-00-00 00:00:00',0),(2,84,NULL,'3.3.3.3 Packet Tracer - Explore a Network.pka',405056,400,1024,9223372036854775807,1,644,1001,513,'0000-00-00 00:00:00','0000-00-00 00:00:00','0000-00-00 00:00:00','0000-00-00 00:00:00',0),(2,85,NULL,'ITN_instructorPPT_Chapter8.pdf',1873382,1840,1024,9223372036854775807,1,644,1001,513,'0000-00-00 00:00:00','0000-00-00 00:00:00','0000-00-00 00:00:00','0000-00-00 00:00:00',0),(2,86,NULL,'7.3.1.2 Packet Tracer Simulation - Exploration of TCP and UDP In',100410,112,1024,7990708664224445683,1,644,1001,513,'0000-00-00 00:00:00','0000-00-00 00:00:00','0000-00-00 00:00:00','0000-00-00 00:00:00',0),(2,86,NULL,'7.3.1.2 Packet Tracer Simulation - Exploration of TCP and UDP.pk',92692,96,1024,3773406953430854594,1,644,1001,513,'0000-00-00 00:00:00','0000-00-00 00:00:00','0000-00-00 00:00:00','0000-00-00 00:00:00',0),(2,86,NULL,'exercice_TCP.pdf',188202,192,1024,549694339157133765,1,644,1001,513,'0000-00-00 00:00:00','0000-00-00 00:00:00','0000-00-00 00:00:00','0000-00-00 00:00:00',0),(2,86,NULL,'ITN_instructorPPT_Chapter9.pdf',1626069,1600,1024,7579063798807760011,1,644,1001,513,'0000-00-00 00:00:00','0000-00-00 00:00:00','0000-00-00 00:00:00','0000-00-00 00:00:00',0),(2,87,NULL,'Lab1313.txt',6791,16,1024,2252114014964167794,1,644,1001,513,'0000-00-00 00:00:00','0000-00-00 00:00:00','0000-00-00 00:00:00','0000-00-00 00:00:00',0),(2,87,NULL,'p2p.pkt',67043,80,1024,9223372036854775807,1,644,1001,513,'0000-00-00 00:00:00','0000-00-00 00:00:00','0000-00-00 00:00:00','0000-00-00 00:00:00',0),(2,87,NULL,'SimpleDHCP.pkt',106150,112,1024,4634603607690324271,1,644,1001,513,'0000-00-00 00:00:00','0000-00-00 00:00:00','0000-00-00 00:00:00','0000-00-00 00:00:00',0),(2,87,NULL,'www_subnetonline_com.txt',1378,16,1024,9223372036854775807,1,644,1001,513,'0000-00-00 00:00:00','0000-00-00 00:00:00','0000-00-00 00:00:00','0000-00-00 00:00:00',0),(2,88,NULL,'Exercice_ISR.pkt',48142,48,1024,1384269954856385470,1,644,1001,513,'0000-00-00 00:00:00','0000-00-00 00:00:00','0000-00-00 00:00:00','0000-00-00 00:00:00',0),(2,88,NULL,'ExerciceA_connexion.pkt',23869,32,1024,8688771473062648908,1,644,1001,513,'0000-00-00 00:00:00','0000-00-00 00:00:00','0000-00-00 00:00:00','0000-00-00 00:00:00',0),(2,88,NULL,'ExerciceA_connexionSL.pkt',147270,144,1024,9223372036854775807,1,644,1001,513,'0000-00-00 00:00:00','0000-00-00 00:00:00','0000-00-00 00:00:00','0000-00-00 00:00:00',0),(2,89,NULL,'1.2.4.4_Packet_Tracer_-_Representing_the_Network_Instructions.do',133123,144,1024,9223372036854775807,1,644,1001,513,'0000-00-00 00:00:00','0000-00-00 00:00:00','0000-00-00 00:00:00','0000-00-00 00:00:00',0),(2,89,NULL,'1.3.1.3_Lab_-_Mapping_the_Internet.docx',947500,928,1024,2258271407077090307,1,644,1001,513,'0000-00-00 00:00:00','0000-00-00 00:00:00','0000-00-00 00:00:00','0000-00-00 00:00:00',0),(2,89,NULL,'2.3.3.4_Lab_-_Building_a_Simple_Network.docx',502958,496,1024,9223372036854775807,1,644,1001,513,'0000-00-00 00:00:00','0000-00-00 00:00:00','0000-00-00 00:00:00','0000-00-00 00:00:00',0),(2,89,NULL,'2.3.3.5_Lab_-_Configuring_a_Switch_Management_Address.docx',155710,160,1024,3891802904703314795,1,644,1001,513,'0000-00-00 00:00:00','0000-00-00 00:00:00','0000-00-00 00:00:00','0000-00-00 00:00:00',0),(2,89,NULL,'3.3.3.4_Lab_-_Using_Wireshark_to_View_Network_Traffic.docx',1751419,1712,1024,7676574277540703320,1,644,1001,513,'0000-00-00 00:00:00','0000-00-00 00:00:00','0000-00-00 00:00:00','0000-00-00 00:00:00',0),(2,89,NULL,'4.2.4.6_Lab_-_Viewing_Wired_and_Wireless_NIC_Information.docx',453390,448,1024,5201938777459995277,1,644,1001,513,'0000-00-00 00:00:00','0000-00-00 00:00:00','0000-00-00 00:00:00','0000-00-00 00:00:00',0),(2,89,NULL,'5.1.3.6_Lab_-_Viewing_Network_Device_MAC_Addresses.docx',133636,144,1024,9223372036854775807,1,644,1001,513,'0000-00-00 00:00:00','0000-00-00 00:00:00','0000-00-00 00:00:00','0000-00-00 00:00:00',0),(2,89,NULL,'5.1.4.3_Lab_-_Using_Wireshark_to_Examine_Ethernet_Frames.docx',429531,432,1024,5353452101607032450,1,644,1001,513,'0000-00-00 00:00:00','0000-00-00 00:00:00','0000-00-00 00:00:00','0000-00-00 00:00:00',0),(2,89,NULL,'5.2.1.8_Lab_-_Observing_ARP_with_the_Windows_CLI_IOS_CLI_and_Wir',371098,368,1024,9223372036854775807,1,644,1001,513,'0000-00-00 00:00:00','0000-00-00 00:00:00','0000-00-00 00:00:00','0000-00-00 00:00:00',0),(2,90,NULL,'3.3.3.4_Lab_-_Using_Wireshark_to_View_Network_Traffic.docx',1751419,1712,1024,6738457676385218728,1,644,1001,513,'0000-00-00 00:00:00','0000-00-00 00:00:00','0000-00-00 00:00:00','0000-00-00 00:00:00',0),(2,90,NULL,'5.1.3.6_Lab_-_Viewing_Network_Device_MAC_Addresses.docx',133636,144,1024,9223372036854775807,1,644,1001,513,'0000-00-00 00:00:00','0000-00-00 00:00:00','0000-00-00 00:00:00','0000-00-00 00:00:00',0),(2,90,NULL,'5.1.4.3_Lab_-_Using_Wireshark_to_Examine_Ethernet_Frames.docx',429531,432,1024,9223372036854775807,1,644,1001,513,'0000-00-00 00:00:00','0000-00-00 00:00:00','0000-00-00 00:00:00','0000-00-00 00:00:00',0),(2,90,NULL,'5.2.1.8_Lab_-_Observing_ARP_with_the_Windows_CLI_IOS_CLI_and_Wir',371098,368,1024,3283030534594379536,1,644,1001,513,'0000-00-00 00:00:00','0000-00-00 00:00:00','0000-00-00 00:00:00','0000-00-00 00:00:00',0),(2,90,NULL,'SL5.1.3.6_Lab_-_Viewing_Network_Device_MAC_Addresses.docx',429244,432,1024,3672452811184933541,1,644,1001,513,'0000-00-00 00:00:00','0000-00-00 00:00:00','0000-00-00 00:00:00','0000-00-00 00:00:00',0),(2,90,NULL,'ToDo.txt',58,16,1024,4945339648750886910,1,644,1001,513,'0000-00-00 00:00:00','0000-00-00 00:00:00','0000-00-00 00:00:00','0000-00-00 00:00:00',0),(2,91,NULL,'2.3.3.4_Lab_-_Building_a_Simple_Network.docx',502958,496,1024,9223372036854775807,1,644,1001,513,'0000-00-00 00:00:00','0000-00-00 00:00:00','0000-00-00 00:00:00','0000-00-00 00:00:00',0),(2,91,NULL,'2.3.3.5_Lab_-_Configuring_a_Switch_Management_Address.docx',155710,160,1024,5415015880117836905,1,644,1001,513,'0000-00-00 00:00:00','0000-00-00 00:00:00','0000-00-00 00:00:00','0000-00-00 00:00:00',0),(2,91,NULL,'2_3_3_4.zip',1141229,1120,1024,9223372036854775807,1,644,1001,513,'0000-00-00 00:00:00','0000-00-00 00:00:00','0000-00-00 00:00:00','0000-00-00 00:00:00',0),(2,91,NULL,'2_3_3_5.zip',614131,608,1024,9223372036854775807,1,644,1001,513,'0000-00-00 00:00:00','0000-00-00 00:00:00','0000-00-00 00:00:00','0000-00-00 00:00:00',0),(2,91,NULL,'3.3.3.4_Lab_-_Using_Wireshark_to_View_Network_Traffic(1).docx',1751419,1712,1024,9223372036854775807,1,644,1001,513,'0000-00-00 00:00:00','0000-00-00 00:00:00','0000-00-00 00:00:00','0000-00-00 00:00:00',0),(2,91,NULL,'5.1.3.6_Lab_-_Viewing_Network_Device_MAC_Addresses.docx',133636,144,1024,9223372036854775807,1,644,1001,513,'0000-00-00 00:00:00','0000-00-00 00:00:00','0000-00-00 00:00:00','0000-00-00 00:00:00',0),(2,91,NULL,'5.1.4.3_Lab_-_Using_Wireshark_to_Examine_Ethernet_Frames.docx',429531,432,1024,9223372036854775807,1,644,1001,513,'0000-00-00 00:00:00','0000-00-00 00:00:00','0000-00-00 00:00:00','0000-00-00 00:00:00',0),(2,91,NULL,'5_1_4_3.pcapng',25720,32,1024,2218854816735229437,1,644,1001,513,'0000-00-00 00:00:00','0000-00-00 00:00:00','0000-00-00 00:00:00','0000-00-00 00:00:00',0),(2,91,NULL,'5_1_4_3.PNG',140773,144,1024,9223372036854775807,1,644,1001,513,'0000-00-00 00:00:00','0000-00-00 00:00:00','0000-00-00 00:00:00','0000-00-00 00:00:00',0),(2,91,NULL,'Chapitre_2_et_laboratoires.zip',1765296,1728,1024,4120695540297026704,1,644,1001,513,'0000-00-00 00:00:00','0000-00-00 00:00:00','0000-00-00 00:00:00','0000-00-00 00:00:00',0),(2,91,NULL,'Lab3_3_3_4.zip',1902475,1872,1024,9223372036854775807,1,644,1001,513,'0000-00-00 00:00:00','0000-00-00 00:00:00','0000-00-00 00:00:00','0000-00-00 00:00:00',0),(2,91,NULL,'Lab4_2_4_6.zip',747312,736,1024,4430861625703812637,1,644,1001,513,'0000-00-00 00:00:00','0000-00-00 00:00:00','0000-00-00 00:00:00','0000-00-00 00:00:00',0),(2,91,NULL,'Lab5_1_3_6.zip',180795,192,1024,9223372036854775807,1,644,1001,513,'0000-00-00 00:00:00','0000-00-00 00:00:00','0000-00-00 00:00:00','0000-00-00 00:00:00',0),(2,91,NULL,'SL5.1.3.6_Lab_-_Viewing_Network_Device_MAC_Addresses.docx',429244,432,1024,9223372036854775807,1,644,1001,513,'0000-00-00 00:00:00','0000-00-00 00:00:00','0000-00-00 00:00:00','0000-00-00 00:00:00',0),(2,91,NULL,'SL5.1.4.3_Lab_-_Using_Wireshark_to_Examine_Ethernet_Frames.docx',429260,432,1024,9223372036854775807,1,644,1001,513,'0000-00-00 00:00:00','0000-00-00 00:00:00','0000-00-00 00:00:00','0000-00-00 00:00:00',0),(2,92,NULL,'Lab2.3.3.4.pkt',132970,144,1024,9223372036854775807,1,644,1001,513,'0000-00-00 00:00:00','0000-00-00 00:00:00','0000-00-00 00:00:00','0000-00-00 00:00:00',0),(2,92,NULL,'PCAconsole.txt',6139,16,1024,9223372036854775807,1,644,1001,513,'0000-00-00 00:00:00','0000-00-00 00:00:00','0000-00-00 00:00:00','0000-00-00 00:00:00',0),(2,92,NULL,'PCApingPCB.PNG',63329,64,1024,9223372036854775807,1,644,1001,513,'0000-00-00 00:00:00','0000-00-00 00:00:00','0000-00-00 00:00:00','0000-00-00 00:00:00',0),(2,92,NULL,'PCBconsole.txt',6196,16,1024,7632876180997742395,1,644,1001,513,'0000-00-00 00:00:00','0000-00-00 00:00:00','0000-00-00 00:00:00','0000-00-00 00:00:00',0),(2,92,NULL,'PCBpingPCA.PNG',49154,64,1024,7938998864331567897,1,644,1001,513,'0000-00-00 00:00:00','0000-00-00 00:00:00','0000-00-00 00:00:00','0000-00-00 00:00:00',0),(2,92,NULL,'SL2.3.3.4_Lab_-_Building_a_Simple_Network.doc',533504,528,1024,9223372036854775807,1,644,1001,513,'0000-00-00 00:00:00','0000-00-00 00:00:00','0000-00-00 00:00:00','0000-00-00 00:00:00',0),(2,92,NULL,'SL2.3.3.4_Lab_-_Building_a_Simple_Network.pdf',505845,496,1024,9223372036854775807,1,644,1001,513,'0000-00-00 00:00:00','0000-00-00 00:00:00','0000-00-00 00:00:00','0000-00-00 00:00:00',0),(2,93,NULL,'console.txt',4099,16,1024,9223372036854775807,1,644,1001,513,'0000-00-00 00:00:00','0000-00-00 00:00:00','0000-00-00 00:00:00','0000-00-00 00:00:00',0),(2,93,NULL,'Lab2_3_3_5.pkt',131745,144,1024,5526124992589104510,1,644,1001,513,'0000-00-00 00:00:00','0000-00-00 00:00:00','0000-00-00 00:00:00','0000-00-00 00:00:00',0),(2,93,NULL,'PCApingVLAN.PNG',70526,80,1024,1288053314411464430,1,644,1001,513,'0000-00-00 00:00:00','0000-00-00 00:00:00','0000-00-00 00:00:00','0000-00-00 00:00:00',0),(2,93,NULL,'SL2.3.3.5_Lab_-_Configuring_a_Switch_Management_Address.doc',173568,176,1024,9223372036854775807,1,644,1001,513,'0000-00-00 00:00:00','0000-00-00 00:00:00','0000-00-00 00:00:00','0000-00-00 00:00:00',0),(2,93,NULL,'SL2.3.3.5_Lab_-_Configuring_a_Switch_Management_Address.docx',155710,160,1024,9223372036854775807,1,644,1001,513,'0000-00-00 00:00:00','0000-00-00 00:00:00','0000-00-00 00:00:00','0000-00-00 00:00:00',0),(2,93,NULL,'SL2.3.3.5_Lab_-_Configuring_a_Switch_Management_Address.pdf',223643,224,1024,9223372036854775807,1,644,1001,513,'0000-00-00 00:00:00','0000-00-00 00:00:00','0000-00-00 00:00:00','0000-00-00 00:00:00',0),(2,93,NULL,'telnet.txt',5025,16,1024,1962087428097737940,1,644,1001,513,'0000-00-00 00:00:00','0000-00-00 00:00:00','0000-00-00 00:00:00','0000-00-00 00:00:00',0),(2,95,NULL,'2.1.4.8 Packet Tracer - Navigating the IOS Instructions.docx',90227,96,1024,9223372036854775807,1,644,1001,513,'0000-00-00 00:00:00','0000-00-00 00:00:00','0000-00-00 00:00:00','0000-00-00 00:00:00',0),(2,95,NULL,'2.1.4.8 Packet Tracer - Navigating the IOS.pka',59018,64,1024,9223372036854775807,1,644,1001,513,'0000-00-00 00:00:00','0000-00-00 00:00:00','0000-00-00 00:00:00','0000-00-00 00:00:00',0),(2,95,NULL,'2.2.3.3 Packet Tracer - Configuring Initial Switch Settings Inst',92460,96,1024,9223372036854775807,1,644,1001,513,'0000-00-00 00:00:00','0000-00-00 00:00:00','0000-00-00 00:00:00','0000-00-00 00:00:00',0),(2,95,NULL,'2.2.3.3 Packet Tracer - Configuring Initial Switch Settings.pka',67854,80,1024,9223372036854775807,1,644,1001,513,'0000-00-00 00:00:00','0000-00-00 00:00:00','0000-00-00 00:00:00','0000-00-00 00:00:00',0),(2,95,NULL,'2.3.2.5 Packet Tracer - Implementing Basic Connectivity Instruct',87658,96,1024,9223372036854775807,1,644,1001,513,'0000-00-00 00:00:00','0000-00-00 00:00:00','0000-00-00 00:00:00','0000-00-00 00:00:00',0),(2,95,NULL,'2.3.2.5 Packet Tracer - Implementing Basic Connectivity.pka',65931,80,1024,9223372036854775807,1,644,1001,513,'0000-00-00 00:00:00','0000-00-00 00:00:00','0000-00-00 00:00:00','0000-00-00 00:00:00',0),(2,95,NULL,'3.3.3.4_Lab_-_Using_Wireshark_to_View_Network_Traffic_-_ILM.docx',1761304,1728,1024,9223372036854775807,1,644,1001,513,'0000-00-00 00:00:00','0000-00-00 00:00:00','0000-00-00 00:00:00','0000-00-00 00:00:00',0),(2,95,NULL,'ITN_instructorPPT_Chapter2.pdf',1671305,1648,1024,9223372036854775807,1,644,1001,513,'0000-00-00 00:00:00','0000-00-00 00:00:00','0000-00-00 00:00:00','0000-00-00 00:00:00',0),(2,95,NULL,'SL2.1.4.8 Packet Tracer - Navigating the IOS Instructions.docx',88851,96,1024,9223372036854775807,1,644,1001,513,'0000-00-00 00:00:00','0000-00-00 00:00:00','0000-00-00 00:00:00','0000-00-00 00:00:00',0),(2,95,NULL,'SL2.1.4.8 Packet Tracer - Navigating the IOS.pka',433435,432,1024,700816014969274635,1,644,1001,513,'0000-00-00 00:00:00','0000-00-00 00:00:00','0000-00-00 00:00:00','0000-00-00 00:00:00',0),(2,95,NULL,'Wireshark.pdf',2190886,2144,1024,9223372036854775807,1,644,1001,513,'0000-00-00 00:00:00','0000-00-00 00:00:00','0000-00-00 00:00:00','0000-00-00 00:00:00',0),(2,96,NULL,'ipconfig.PNG',54675,64,1024,2241402086522250585,1,644,1001,513,'0000-00-00 00:00:00','0000-00-00 00:00:00','0000-00-00 00:00:00','0000-00-00 00:00:00',0),(2,96,NULL,'ping1.PNG',68038,80,1024,9223372036854775807,1,644,1001,513,'0000-00-00 00:00:00','0000-00-00 00:00:00','0000-00-00 00:00:00','0000-00-00 00:00:00',0),(2,96,NULL,'ping2.PNG',65380,64,1024,9223372036854775807,1,644,1001,513,'0000-00-00 00:00:00','0000-00-00 00:00:00','0000-00-00 00:00:00','0000-00-00 00:00:00',0),(2,96,NULL,'SL3.3.3.4_Lab_-_Using_Wireshark_to_View_Network_Traffic.doc',1805312,1776,1024,9223372036854775807,1,644,1001,513,'0000-00-00 00:00:00','0000-00-00 00:00:00','0000-00-00 00:00:00','0000-00-00 00:00:00',0),(2,96,NULL,'Wireshark1.PNG',168005,176,1024,9223372036854775807,1,644,1001,513,'0000-00-00 00:00:00','0000-00-00 00:00:00','0000-00-00 00:00:00','0000-00-00 00:00:00',0),(2,97,NULL,'SL4.2.4.6_Lab_-_Viewing_Wired_and_Wireless_NIC_Information.odt',455662,448,1024,9223372036854775807,1,644,1001,513,'0000-00-00 00:00:00','0000-00-00 00:00:00','0000-00-00 00:00:00','0000-00-00 00:00:00',0),(2,97,NULL,'WiFi1.PNG',57530,64,1024,9223372036854775807,1,644,1001,513,'0000-00-00 00:00:00','0000-00-00 00:00:00','0000-00-00 00:00:00','0000-00-00 00:00:00',0),(2,97,NULL,'WiFiDet.PNG',47979,48,1024,9223372036854775807,1,644,1001,513,'0000-00-00 00:00:00','0000-00-00 00:00:00','0000-00-00 00:00:00','0000-00-00 00:00:00',0),(2,97,NULL,'WiFiipconfig.PNG',66237,80,1024,9223372036854775807,1,644,1001,513,'0000-00-00 00:00:00','0000-00-00 00:00:00','0000-00-00 00:00:00','0000-00-00 00:00:00',0),(2,97,NULL,'Wired1.PNG',45267,48,1024,3463310905688201567,1,644,1001,513,'0000-00-00 00:00:00','0000-00-00 00:00:00','0000-00-00 00:00:00','0000-00-00 00:00:00',0),(2,97,NULL,'WiredDet.PNG',33515,48,1024,9223372036854775807,1,644,1001,513,'0000-00-00 00:00:00','0000-00-00 00:00:00','0000-00-00 00:00:00','0000-00-00 00:00:00',0),(2,97,NULL,'WiredIpconfig1.PNG',51920,64,1024,9223372036854775807,1,644,1001,513,'0000-00-00 00:00:00','0000-00-00 00:00:00','0000-00-00 00:00:00','0000-00-00 00:00:00',0),(2,97,NULL,'WiredIpconfig2.PNG',52864,64,1024,9223372036854775807,1,644,1001,513,'0000-00-00 00:00:00','0000-00-00 00:00:00','0000-00-00 00:00:00','0000-00-00 00:00:00',0),(2,98,NULL,'DOS1.txt',1089,16,1024,9192937942778341950,1,644,1001,513,'0000-00-00 00:00:00','0000-00-00 00:00:00','0000-00-00 00:00:00','0000-00-00 00:00:00',0),(2,98,NULL,'Lab5_1_3_6.pkt',68981,80,1024,9223372036854775807,1,644,1001,513,'0000-00-00 00:00:00','0000-00-00 00:00:00','0000-00-00 00:00:00','0000-00-00 00:00:00',0),(2,98,NULL,'Routeur1.txt',4558,16,1024,1360613617776607744,1,644,1001,513,'0000-00-00 00:00:00','0000-00-00 00:00:00','0000-00-00 00:00:00','0000-00-00 00:00:00',0),(2,98,NULL,'SL5.1.3.6_Lab_-_Viewing_Network_Device_MAC_Addresses.odt',131470,144,1024,9223372036854775807,1,644,1001,513,'0000-00-00 00:00:00','0000-00-00 00:00:00','0000-00-00 00:00:00','0000-00-00 00:00:00',0),(2,98,NULL,'switch1.txt',6044,16,1024,9059434455500282444,1,644,1001,513,'0000-00-00 00:00:00','0000-00-00 00:00:00','0000-00-00 00:00:00','0000-00-00 00:00:00',0),(2,100,NULL,'DOS1.txt',5527,16,1024,9223372036854775807,1,644,1001,513,'0000-00-00 00:00:00','0000-00-00 00:00:00','0000-00-00 00:00:00','0000-00-00 00:00:00',0),(2,100,NULL,'Lab5_2_1_8.pkt',70118,80,1024,9223372036854775807,1,644,1001,513,'0000-00-00 00:00:00','0000-00-00 00:00:00','0000-00-00 00:00:00','0000-00-00 00:00:00',0),(2,100,NULL,'SL5.2.1.8_Lab_-_Observing_ARP_with_the_Windows_CLI_IOS_CLI_and_W',367837,368,1024,9223372036854775807,1,644,1001,513,'0000-00-00 00:00:00','0000-00-00 00:00:00','0000-00-00 00:00:00','0000-00-00 00:00:00',0),(2,100,NULL,'SL5.2.1.8_Lab_-_Observing_ARP_with_the_Windows_CLI_IOS_CLI_and_W',362566,368,1024,9223372036854775807,1,644,1001,513,'0000-00-00 00:00:00','0000-00-00 00:00:00','0000-00-00 00:00:00','0000-00-00 00:00:00',0),(2,100,NULL,'Windoze.txt',2396,16,1024,1022740615773834708,1,644,1001,513,'0000-00-00 00:00:00','0000-00-00 00:00:00','0000-00-00 00:00:00','0000-00-00 00:00:00',0),(2,101,NULL,'PT.conf',1578,16,1024,9223372036854775807,1,644,1001,513,'0000-00-00 00:00:00','0000-00-00 00:00:00','0000-00-00 00:00:00','0000-00-00 00:00:00',0),(2,103,NULL,'Lab2.3.3.4.pkt',132970,144,1024,5086794550487547340,1,644,1001,513,'0000-00-00 00:00:00','0000-00-00 00:00:00','0000-00-00 00:00:00','0000-00-00 00:00:00',0),(2,90,NULL,'5.1.4.3_Lab_-_Using_Wireshark_to_Examine_Ethernet_Frames.docx',429531,432,1024,9223372036854775807,1,644,1001,513,'0000-00-00 00:00:00','0000-00-00 00:00:00','0000-00-00 00:00:00','0000-00-00 00:00:00',0),(2,90,NULL,'5.2.1.8_Lab_-_Observing_ARP_with_the_Windows_CLI_IOS_CLI_and_Wir',371098,368,1024,3283030534594379536,1,644,1001,513,'0000-00-00 00:00:00','0000-00-00 00:00:00','0000-00-00 00:00:00','0000-00-00 00:00:00',0),(2,90,NULL,'SL5.1.3.6_Lab_-_Viewing_Network_Device_MAC_Addresses.docx',429244,432,1024,3672452811184933541,1,644,1001,513,'0000-00-00 00:00:00','0000-00-00 00:00:00','0000-00-00 00:00:00','0000-00-00 00:00:00',0),(2,90,NULL,'ToDo.txt',58,16,1024,4945339648750886910,1,644,1001,513,'0000-00-00 00:00:00','0000-00-00 00:00:00','0000-00-00 00:00:00','0000-00-00 00:00:00',0),(2,91,NULL,'2.3.3.4_Lab_-_Building_a_Simple_Network.docx',502958,496,1024,9223372036854775807,1,644,1001,513,'0000-00-00 00:00:00','0000-00-00 00:00:00','0000-00-00 00:00:00','0000-00-00 00:00:00',0),(2,91,NULL,'2.3.3.5_Lab_-_Configuring_a_Switch_Management_Address.docx',155710,160,1024,5415015880117836905,1,644,1001,513,'0000-00-00 00:00:00','0000-00-00 00:00:00','0000-00-00 00:00:00','0000-00-00 00:00:00',0),(2,91,NULL,'2_3_3_4.zip',1141229,1120,1024,9223372036854775807,1,644,1001,513,'0000-00-00 00:00:00','0000-00-00 00:00:00','0000-00-00 00:00:00','0000-00-00 00:00:00',0),(2,91,NULL,'2_3_3_5.zip',614131,608,1024,9223372036854775807,1,644,1001,513,'0000-00-00 00:00:00','0000-00-00 00:00:00','0000-00-00 00:00:00','0000-00-00 00:00:00',0),(2,91,NULL,'3.3.3.4_Lab_-_Using_Wireshark_to_View_Network_Traffic(1).docx',1751419,1712,1024,9223372036854775807,1,644,1001,513,'0000-00-00 00:00:00','0000-00-00 00:00:00','0000-00-00 00:00:00','0000-00-00 00:00:00',0),(2,91,NULL,'5.1.3.6_Lab_-_Viewing_Network_Device_MAC_Addresses.docx',133636,144,1024,9223372036854775807,1,644,1001,513,'0000-00-00 00:00:00','0000-00-00 00:00:00','0000-00-00 00:00:00','0000-00-00 00:00:00',0),(2,91,NULL,'5.1.4.3_Lab_-_Using_Wireshark_to_Examine_Ethernet_Frames.docx',429531,432,1024,9223372036854775807,1,644,1001,513,'0000-00-00 00:00:00','0000-00-00 00:00:00','0000-00-00 00:00:00','0000-00-00 00:00:00',0),(2,91,NULL,'5_1_4_3.pcapng',25720,32,1024,2218854816735229437,1,644,1001,513,'0000-00-00 00:00:00','0000-00-00 00:00:00','0000-00-00 00:00:00','0000-00-00 00:00:00',0),(2,91,NULL,'5_1_4_3.PNG',140773,144,1024,9223372036854775807,1,644,1001,513,'0000-00-00 00:00:00','0000-00-00 00:00:00','0000-00-00 00:00:00','0000-00-00 00:00:00',0),(2,91,NULL,'Chapitre_2_et_laboratoires.zip',1765296,1728,1024,4120695540297026704,1,644,1001,513,'0000-00-00 00:00:00','0000-00-00 00:00:00','0000-00-00 00:00:00','0000-00-00 00:00:00',0),(2,91,NULL,'Lab3_3_3_4.zip',1902475,1872,1024,9223372036854775807,1,644,1001,513,'0000-00-00 00:00:00','0000-00-00 00:00:00','0000-00-00 00:00:00','0000-00-00 00:00:00',0),(2,91,NULL,'Lab4_2_4_6.zip',747312,736,1024,4430861625703812637,1,644,1001,513,'0000-00-00 00:00:00','0000-00-00 00:00:00','0000-00-00 00:00:00','0000-00-00 00:00:00',0),(2,91,NULL,'Lab5_1_3_6.zip',180795,192,1024,9223372036854775807,1,644,1001,513,'0000-00-00 00:00:00','0000-00-00 00:00:00','0000-00-00 00:00:00','0000-00-00 00:00:00',0),(2,91,NULL,'SL5.1.3.6_Lab_-_Viewing_Network_Device_MAC_Addresses.docx',429244,432,1024,9223372036854775807,1,644,1001,513,'0000-00-00 00:00:00','0000-00-00 00:00:00','0000-00-00 00:00:00','0000-00-00 00:00:00',0),(2,91,NULL,'SL5.1.4.3_Lab_-_Using_Wireshark_to_Examine_Ethernet_Frames.docx',429260,432,1024,9223372036854775807,1,644,1001,513,'0000-00-00 00:00:00','0000-00-00 00:00:00','0000-00-00 00:00:00','0000-00-00 00:00:00',0),(2,92,NULL,'Lab2.3.3.4.pkt',132970,144,1024,9223372036854775807,1,644,1001,513,'0000-00-00 00:00:00','0000-00-00 00:00:00','0000-00-00 00:00:00','0000-00-00 00:00:00',0),(2,92,NULL,'PCAconsole.txt',6139,16,1024,9223372036854775807,1,644,1001,513,'0000-00-00 00:00:00','0000-00-00 00:00:00','0000-00-00 00:00:00','0000-00-00 00:00:00',0),(2,92,NULL,'PCApingPCB.PNG',63329,64,1024,9223372036854775807,1,644,1001,513,'0000-00-00 00:00:00','0000-00-00 00:00:00','0000-00-00 00:00:00','0000-00-00 00:00:00',0),(2,92,NULL,'PCBconsole.txt',6196,16,1024,7632876180997742395,1,644,1001,513,'0000-00-00 00:00:00','0000-00-00 00:00:00','0000-00-00 00:00:00','0000-00-00 00:00:00',0),(2,92,NULL,'PCBpingPCA.PNG',49154,64,1024,7938998864331567897,1,644,1001,513,'0000-00-00 00:00:00','0000-00-00 00:00:00','0000-00-00 00:00:00','0000-00-00 00:00:00',0),(2,92,NULL,'SL2.3.3.4_Lab_-_Building_a_Simple_Network.doc',533504,528,1024,9223372036854775807,1,644,1001,513,'0000-00-00 00:00:00','0000-00-00 00:00:00','0000-00-00 00:00:00','0000-00-00 00:00:00',0),(2,92,NULL,'SL2.3.3.4_Lab_-_Building_a_Simple_Network.pdf',505845,496,1024,9223372036854775807,1,644,1001,513,'0000-00-00 00:00:00','0000-00-00 00:00:00','0000-00-00 00:00:00','0000-00-00 00:00:00',0),(2,93,NULL,'console.txt',4099,16,1024,9223372036854775807,1,644,1001,513,'0000-00-00 00:00:00','0000-00-00 00:00:00','0000-00-00 00:00:00','0000-00-00 00:00:00',0),(2,93,NULL,'Lab2_3_3_5.pkt',131745,144,1024,5526124992589104510,1,644,1001,513,'0000-00-00 00:00:00','0000-00-00 00:00:00','0000-00-00 00:00:00','0000-00-00 00:00:00',0),(2,93,NULL,'PCApingVLAN.PNG',70526,80,1024,1288053314411464430,1,644,1001,513,'0000-00-00 00:00:00','0000-00-00 00:00:00','0000-00-00 00:00:00','0000-00-00 00:00:00',0),(2,93,NULL,'SL2.3.3.5_Lab_-_Configuring_a_Switch_Management_Address.doc',173568,176,1024,9223372036854775807,1,644,1001,513,'0000-00-00 00:00:00','0000-00-00 00:00:00','0000-00-00 00:00:00','0000-00-00 00:00:00',0),(2,93,NULL,'SL2.3.3.5_Lab_-_Configuring_a_Switch_Management_Address.docx',155710,160,1024,9223372036854775807,1,644,1001,513,'0000-00-00 00:00:00','0000-00-00 00:00:00','0000-00-00 00:00:00','0000-00-00 00:00:00',0),(2,93,NULL,'SL2.3.3.5_Lab_-_Configuring_a_Switch_Management_Address.pdf',223643,224,1024,9223372036854775807,1,644,1001,513,'0000-00-00 00:00:00','0000-00-00 00:00:00','0000-00-00 00:00:00','0000-00-00 00:00:00',0),(2,93,NULL,'telnet.txt',5025,16,1024,1962087428097737940,1,644,1001,513,'0000-00-00 00:00:00','0000-00-00 00:00:00','0000-00-00 00:00:00','0000-00-00 00:00:00',0),(2,95,NULL,'2.1.4.8 Packet Tracer - Navigating the IOS Instructions.docx',90227,96,1024,9223372036854775807,1,644,1001,513,'0000-00-00 00:00:00','0000-00-00 00:00:00','0000-00-00 00:00:00','0000-00-00 00:00:00',0),(2,95,NULL,'2.1.4.8 Packet Tracer - Navigating the IOS.pka',59018,64,1024,9223372036854775807,1,644,1001,513,'0000-00-00 00:00:00','0000-00-00 00:00:00','0000-00-00 00:00:00','0000-00-00 00:00:00',0),(2,95,NULL,'2.2.3.3 Packet Tracer - Configuring Initial Switch Settings Inst',92460,96,1024,9223372036854775807,1,644,1001,513,'0000-00-00 00:00:00','0000-00-00 00:00:00','0000-00-00 00:00:00','0000-00-00 00:00:00',0),(2,95,NULL,'2.2.3.3 Packet Tracer - Configuring Initial Switch Settings.pka',67854,80,1024,9223372036854775807,1,644,1001,513,'0000-00-00 00:00:00','0000-00-00 00:00:00','0000-00-00 00:00:00','0000-00-00 00:00:00',0),(2,95,NULL,'2.3.2.5 Packet Tracer - Implementing Basic Connectivity Instruct',87658,96,1024,9223372036854775807,1,644,1001,513,'0000-00-00 00:00:00','0000-00-00 00:00:00','0000-00-00 00:00:00','0000-00-00 00:00:00',0),(2,95,NULL,'2.3.2.5 Packet Tracer - Implementing Basic Connectivity.pka',65931,80,1024,9223372036854775807,1,644,1001,513,'0000-00-00 00:00:00','0000-00-00 00:00:00','0000-00-00 00:00:00','0000-00-00 00:00:00',0),(2,95,NULL,'3.3.3.4_Lab_-_Using_Wireshark_to_View_Network_Traffic_-_ILM.docx',1761304,1728,1024,9223372036854775807,1,644,1001,513,'0000-00-00 00:00:00','0000-00-00 00:00:00','0000-00-00 00:00:00','0000-00-00 00:00:00',0),(2,95,NULL,'ITN_instructorPPT_Chapter2.pdf',1671305,1648,1024,9223372036854775807,1,644,1001,513,'0000-00-00 00:00:00','0000-00-00 00:00:00','0000-00-00 00:00:00','0000-00-00 00:00:00',0),(2,95,NULL,'SL2.1.4.8 Packet Tracer - Navigating the IOS Instructions.docx',88851,96,1024,9223372036854775807,1,644,1001,513,'0000-00-00 00:00:00','0000-00-00 00:00:00','0000-00-00 00:00:00','0000-00-00 00:00:00',0),(2,95,NULL,'SL2.1.4.8 Packet Tracer - Navigating the IOS.pka',433435,432,1024,700816014969274635,1,644,1001,513,'0000-00-00 00:00:00','0000-00-00 00:00:00','0000-00-00 00:00:00','0000-00-00 00:00:00',0),(2,95,NULL,'Wireshark.pdf',2190886,2144,1024,9223372036854775807,1,644,1001,513,'0000-00-00 00:00:00','0000-00-00 00:00:00','0000-00-00 00:00:00','0000-00-00 00:00:00',0),(2,96,NULL,'ipconfig.PNG',54675,64,1024,2241402086522250585,1,644,1001,513,'0000-00-00 00:00:00','0000-00-00 00:00:00','0000-00-00 00:00:00','0000-00-00 00:00:00',0),(2,96,NULL,'ping1.PNG',68038,80,1024,9223372036854775807,1,644,1001,513,'0000-00-00 00:00:00','0000-00-00 00:00:00','0000-00-00 00:00:00','0000-00-00 00:00:00',0),(2,96,NULL,'ping2.PNG',65380,64,1024,9223372036854775807,1,644,1001,513,'0000-00-00 00:00:00','0000-00-00 00:00:00','0000-00-00 00:00:00','0000-00-00 00:00:00',0),(2,96,NULL,'SL3.3.3.4_Lab_-_Using_Wireshark_to_View_Network_Traffic.doc',1805312,1776,1024,9223372036854775807,1,644,1001,513,'0000-00-00 00:00:00','0000-00-00 00:00:00','0000-00-00 00:00:00','0000-00-00 00:00:00',0),(2,96,NULL,'Wireshark1.PNG',168005,176,1024,9223372036854775807,1,644,1001,513,'0000-00-00 00:00:00','0000-00-00 00:00:00','0000-00-00 00:00:00','0000-00-00 00:00:00',0),(2,97,NULL,'SL4.2.4.6_Lab_-_Viewing_Wired_and_Wireless_NIC_Information.odt',455662,448,1024,9223372036854775807,1,644,1001,513,'0000-00-00 00:00:00','0000-00-00 00:00:00','0000-00-00 00:00:00','0000-00-00 00:00:00',0),(2,97,NULL,'WiFi1.PNG',57530,64,1024,9223372036854775807,1,644,1001,513,'0000-00-00 00:00:00','0000-00-00 00:00:00','0000-00-00 00:00:00','0000-00-00 00:00:00',0),(2,97,NULL,'WiFiDet.PNG',47979,48,1024,9223372036854775807,1,644,1001,513,'0000-00-00 00:00:00','0000-00-00 00:00:00','0000-00-00 00:00:00','0000-00-00 00:00:00',0),(2,97,NULL,'WiFiipconfig.PNG',66237,80,1024,9223372036854775807,1,644,1001,513,'0000-00-00 00:00:00','0000-00-00 00:00:00','0000-00-00 00:00:00','0000-00-00 00:00:00',0),(2,97,NULL,'Wired1.PNG',45267,48,1024,3463310905688201567,1,644,1001,513,'0000-00-00 00:00:00','0000-00-00 00:00:00','0000-00-00 00:00:00','0000-00-00 00:00:00',0),(2,97,NULL,'WiredDet.PNG',33515,48,1024,9223372036854775807,1,644,1001,513,'0000-00-00 00:00:00','0000-00-00 00:00:00','0000-00-00 00:00:00','0000-00-00 00:00:00',0),(2,97,NULL,'WiredIpconfig1.PNG',51920,64,1024,9223372036854775807,1,644,1001,513,'0000-00-00 00:00:00','0000-00-00 00:00:00','0000-00-00 00:00:00','0000-00-00 00:00:00',0),(2,97,NULL,'WiredIpconfig2.PNG',52864,64,1024,9223372036854775807,1,644,1001,513,'0000-00-00 00:00:00','0000-00-00 00:00:00','0000-00-00 00:00:00','0000-00-00 00:00:00',0),(2,98,NULL,'DOS1.txt',1089,16,1024,9192937942778341950,1,644,1001,513,'0000-00-00 00:00:00','0000-00-00 00:00:00','0000-00-00 00:00:00','0000-00-00 00:00:00',0),(2,98,NULL,'Lab5_1_3_6.pkt',68981,80,1024,9223372036854775807,1,644,1001,513,'0000-00-00 00:00:00','0000-00-00 00:00:00','0000-00-00 00:00:00','0000-00-00 00:00:00',0),(2,98,NULL,'Routeur1.txt',4558,16,1024,1360613617776607744,1,644,1001,513,'0000-00-00 00:00:00','0000-00-00 00:00:00','0000-00-00 00:00:00','0000-00-00 00:00:00',0),(2,98,NULL,'SL5.1.3.6_Lab_-_Viewing_Network_Device_MAC_Addresses.odt',131470,144,1024,9223372036854775807,1,644,1001,513,'0000-00-00 00:00:00','0000-00-00 00:00:00','0000-00-00 00:00:00','0000-00-00 00:00:00',0),(2,98,NULL,'switch1.txt',6044,16,1024,9059434455500282444,1,644,1001,513,'0000-00-00 00:00:00','0000-00-00 00:00:00','0000-00-00 00:00:00','0000-00-00 00:00:00',0),(2,100,NULL,'DOS1.txt',5527,16,1024,9223372036854775807,1,644,1001,513,'0000-00-00 00:00:00','0000-00-00 00:00:00','0000-00-00 00:00:00','0000-00-00 00:00:00',0),(2,100,NULL,'Lab5_2_1_8.pkt',70118,80,1024,9223372036854775807,1,644,1001,513,'0000-00-00 00:00:00','0000-00-00 00:00:00','0000-00-00 00:00:00','0000-00-00 00:00:00',0),(2,100,NULL,'SL5.2.1.8_Lab_-_Observing_ARP_with_the_Windows_CLI_IOS_CLI_and_W',367837,368,1024,9223372036854775807,1,644,1001,513,'0000-00-00 00:00:00','0000-00-00 00:00:00','0000-00-00 00:00:00','0000-00-00 00:00:00',0),(2,100,NULL,'SL5.2.1.8_Lab_-_Observing_ARP_with_the_Windows_CLI_IOS_CLI_and_W',362566,368,1024,9223372036854775807,1,644,1001,513,'0000-00-00 00:00:00','0000-00-00 00:00:00','0000-00-00 00:00:00','0000-00-00 00:00:00',0),(2,100,NULL,'Windoze.txt',2396,16,1024,1022740615773834708,1,644,1001,513,'0000-00-00 00:00:00','0000-00-00 00:00:00','0000-00-00 00:00:00','0000-00-00 00:00:00',0),(2,101,NULL,'PT.conf',1578,16,1024,9223372036854775807,1,644,1001,513,'0000-00-00 00:00:00','0000-00-00 00:00:00','0000-00-00 00:00:00','0000-00-00 00:00:00',0),(2,103,NULL,'Lab2.3.3.4.pkt',132970,144,1024,5086794550487547340,1,644,1001,513,'0000-00-00 00:00:00','0000-00-00 00:00:00','0000-00-00 00:00:00','0000-00-00 00:00:00',0),(2,105,NULL,'7.2.5.3 Lab - Identifying IPv6 Addresses.pdf',1033948,1024,1024,2190434280501561922,1,644,1001,513,'0000-00-00 00:00:00','0000-00-00 00:00:00','0000-00-00 00:00:00','0000-00-00 00:00:00',0),(2,105,NULL,'RFC 3330 - Special-Use IPv4 Addresses.txt',19862,32,1024,9223372036854775807,1,644,1001,513,'0000-00-00 00:00:00','0000-00-00 00:00:00','0000-00-00 00:00:00','0000-00-00 00:00:00',0),(2,106,NULL,'GNUGRUBManual2.00.htm',376125,368,1024,657111715507557626,1,644,1001,513,'0000-00-00 00:00:00','0000-00-00 00:00:00','0000-00-00 00:00:00','0000-00-00 00:00:00',0),(2,106,NULL,'GRUB Menu Configuration File.htm',11662,16,1024,9223372036854775807,1,644,1001,513,'0000-00-00 00:00:00','0000-00-00 00:00:00','0000-00-00 00:00:00','0000-00-00 00:00:00',0),(2,106,NULL,'OpenLDAP-Admin-Guide.pdf',1518068,1488,1024,9223372036854775807,1,644,1001,513,'0000-00-00 00:00:00','0000-00-00 00:00:00','0000-00-00 00:00:00','0000-00-00 00:00:00',0),(2,106,NULL,'openldapguide.html',653501,640,1024,9223372036854775807,1,644,1001,513,'0000-00-00 00:00:00','0000-00-00 00:00:00','0000-00-00 00:00:00','0000-00-00 00:00:00',0),(2,106,NULL,'refman-5.7-en.pdf',37332617,36464,1024,5366583672690237089,1,644,1001,513,'0000-00-00 00:00:00','0000-00-00 00:00:00','0000-00-00 00:00:00','0000-00-00 00:00:00',0),(2,106,NULL,'snort_manual.pdf',1501601,1472,1024,9223372036854775807,1,644,1001,513,'0000-00-00 00:00:00','0000-00-00 00:00:00','0000-00-00 00:00:00','0000-00-00 00:00:00',0),(2,106,NULL,'UserManual.html',50854,64,1024,9223372036854775807,1,644,1001,513,'0000-00-00 00:00:00','0000-00-00 00:00:00','0000-00-00 00:00:00','0000-00-00 00:00:00',0),(2,106,NULL,'UserManual.pdf',4350253,4256,1024,4273381336890378838,1,644,1001,513,'0000-00-00 00:00:00','0000-00-00 00:00:00','0000-00-00 00:00:00','0000-00-00 00:00:00',0),(2,107,NULL,'Chapitre_5_-_Securisation_des_dossiers_et_fichiers_NTFS.pdf',2539909,2496,1024,9223372036854775807,1,644,1001,513,'0000-00-00 00:00:00','0000-00-00 00:00:00','0000-00-00 00:00:00','0000-00-00 00:00:00',0),(2,107,NULL,'Windows Management Framework 4 0 Release Notes.docx',90770,96,1024,9223372036854775807,1,644,1001,513,'0000-00-00 00:00:00','0000-00-00 00:00:00','0000-00-00 00:00:00','0000-00-00 00:00:00',0),(2,107,NULL,'Windows PowerShell Desired State Configuration Quick Reference f',249646,256,1024,9223372036854775807,1,644,1001,513,'0000-00-00 00:00:00','0000-00-00 00:00:00','0000-00-00 00:00:00','0000-00-00 00:00:00',0),(2,107,NULL,'Windows PowerShell Desired State Configuration Quick Reference f',249646,256,1024,9223372036854775807,1,644,1001,513,'0000-00-00 00:00:00','0000-00-00 00:00:00','0000-00-00 00:00:00','0000-00-00 00:00:00',0),(2,107,NULL,'Windows6.1-KB2819745-x64-MultiPkg(1).msu',19304283,18864,1024,9223372036854775807,1,644,1001,513,'0000-00-00 00:00:00','0000-00-00 00:00:00','0000-00-00 00:00:00','0000-00-00 00:00:00',0),(2,107,NULL,'Windows6.1-KB2819745-x64-MultiPkg.msu',19304283,18864,1024,2088029521499225740,1,644,1001,513,'0000-00-00 00:00:00','0000-00-00 00:00:00','0000-00-00 00:00:00','0000-00-00 00:00:00',0),(2,108,NULL,'note.png',1993,16,1024,6659186708717876805,1,644,1001,513,'0000-00-00 00:00:00','0000-00-00 00:00:00','0000-00-00 00:00:00','0000-00-00 00:00:00',0),(2,108,NULL,'rhdocs-man.css',8968,16,1024,551917332688190347,1,644,1001,513,'0000-00-00 00:00:00','0000-00-00 00:00:00','0000-00-00 00:00:00','0000-00-00 00:00:00',0),(2,109,NULL,'1_-_Introduction.pdf',3361018,3296,1024,6250932600388184608,1,644,1001,513,'0000-00-00 00:00:00','0000-00-00 00:00:00','0000-00-00 00:00:00','0000-00-00 00:00:00',0),(2,109,NULL,'10_-_Les_utilisateurs.pdf',1717592,1680,1024,9223372036854775807,1,644,1001,513,'0000-00-00 00:00:00','0000-00-00 00:00:00','0000-00-00 00:00:00','0000-00-00 00:00:00',0),(2,109,NULL,'11_-_Les_groupes.pdf',1604409,1568,1024,1685735508183979613,1,644,1001,513,'0000-00-00 00:00:00','0000-00-00 00:00:00','0000-00-00 00:00:00','0000-00-00 00:00:00',0),(2,109,NULL,'2_-_Le_Shell.pdf',1854026,1824,1024,3788904067940806447,1,644,1001,513,'0000-00-00 00:00:00','0000-00-00 00:00:00','0000-00-00 00:00:00','0000-00-00 00:00:00',0),(2,109,NULL,'3_-_Le_Shell_suite.pdf',1598706,1568,1024,9223372036854775807,1,644,1001,513,'0000-00-00 00:00:00','0000-00-00 00:00:00','0000-00-00 00:00:00','0000-00-00 00:00:00',0),(2,109,NULL,'4_-_Le_systeme_de_fichier.pdf',1808733,1776,1024,9223372036854775807,1,644,1001,513,'0000-00-00 00:00:00','0000-00-00 00:00:00','0000-00-00 00:00:00','0000-00-00 00:00:00',0),(2,109,NULL,'420-866-MA_Linux_I_Utilisat.pdf',396500,400,1024,7534392882208217117,1,644,1001,513,'0000-00-00 00:00:00','0000-00-00 00:00:00','0000-00-00 00:00:00','0000-00-00 00:00:00',0),(2,109,NULL,'5_-_Configuration_de_linter.pdf',1990801,1952,1024,6116619284695738443,1,644,1001,513,'0000-00-00 00:00:00','0000-00-00 00:00:00','0000-00-00 00:00:00','0000-00-00 00:00:00',0),(2,109,NULL,'6_-_Gestion_des_paquetages_.pdf',1750811,1712,1024,9223372036854775807,1,644,1001,513,'0000-00-00 00:00:00','0000-00-00 00:00:00','0000-00-00 00:00:00','0000-00-00 00:00:00',0),(2,109,NULL,'7_-_Gestion_des_paquetages_.pdf',1899723,1856,1024,9223372036854775807,1,644,1001,513,'0000-00-00 00:00:00','0000-00-00 00:00:00','0000-00-00 00:00:00','0000-00-00 00:00:00',0),(2,109,NULL,'8_-_Scripts.pdf',1610954,1584,1024,8388697907047410161,1,644,1001,513,'0000-00-00 00:00:00','0000-00-00 00:00:00','0000-00-00 00:00:00','0000-00-00 00:00:00',0),(2,109,NULL,'9_-_Les_droits_dacces.pdf',1693032,1664,1024,9223372036854775807,1,644,1001,513,'0000-00-00 00:00:00','0000-00-00 00:00:00','0000-00-00 00:00:00','0000-00-00 00:00:00',0),(2,109,NULL,'bash-cheatsheet.txt',16903,32,1024,4895323538105502629,1,755,1001,513,'0000-00-00 00:00:00','0000-00-00 00:00:00','0000-00-00 00:00:00','0000-00-00 00:00:00',0),(2,109,NULL,'TP_2.doc',228352,224,1024,9223372036854775807,1,644,1001,513,'0000-00-00 00:00:00','0000-00-00 00:00:00','0000-00-00 00:00:00','0000-00-00 00:00:00',0),(2,109,NULL,'vboxusb.txt',945,16,1024,9223372036854775807,1,644,1001,513,'0000-00-00 00:00:00','0000-00-00 00:00:00','0000-00-00 00:00:00','0000-00-00 00:00:00',0),(2,110,NULL,'SLTP_1.doc',90624,96,1024,9223372036854775807,1,644,1001,513,'0000-00-00 00:00:00','0000-00-00 00:00:00','0000-00-00 00:00:00','0000-00-00 00:00:00',0),(2,110,NULL,'SLTP_1.pdf',91931,96,1024,9223372036854775807,1,644,1001,513,'0000-00-00 00:00:00','0000-00-00 00:00:00','0000-00-00 00:00:00','0000-00-00 00:00:00',0),(2,110,NULL,'TP_1.doc',300544,304,1024,9223372036854775807,1,644,1001,513,'0000-00-00 00:00:00','0000-00-00 00:00:00','0000-00-00 00:00:00','0000-00-00 00:00:00',0),(2,110,NULL,'tp1.sh',727,16,1024,4666397866302421143,1,755,1001,513,'0000-00-00 00:00:00','0000-00-00 00:00:00','0000-00-00 00:00:00','0000-00-00 00:00:00',0),(2,110,NULL,'tp1.zip',87353,96,1024,5762472466347711039,1,644,1001,513,'0000-00-00 00:00:00','0000-00-00 00:00:00','0000-00-00 00:00:00','0000-00-00 00:00:00',0),(2,111,NULL,'S7_15.log',2535,16,1024,9223372036854775807,1,644,1001,513,'0000-00-00 00:00:00','0000-00-00 00:00:00','0000-00-00 00:00:00','0000-00-00 00:00:00',0),(2,111,NULL,'TP_2.doc',228352,224,1024,6344934937169510081,1,644,1001,513,'0000-00-00 00:00:00','0000-00-00 00:00:00','0000-00-00 00:00:00','0000-00-00 00:00:00',0),(2,111,NULL,'TP2a.tgz',550,16,1024,2260646451926904300,1,644,1001,513,'0000-00-00 00:00:00','0000-00-00 00:00:00','0000-00-00 00:00:00','0000-00-00 00:00:00',0),(2,111,NULL,'TP2Init1_6.log',1650,16,1024,9223372036854775807,1,644,1001,513,'0000-00-00 00:00:00','0000-00-00 00:00:00','0000-00-00 00:00:00','0000-00-00 00:00:00',0),(2,111,NULL,'TP2Init2_6.log',815,16,1024,3753715340292892993,1,644,1001,513,'0000-00-00 00:00:00','0000-00-00 00:00:00','0000-00-00 00:00:00','0000-00-00 00:00:00',0),(2,111,NULL,'TP2p2.odt',9982,16,1024,4761000389550044769,1,644,1001,513,'0000-00-00 00:00:00','0000-00-00 00:00:00','0000-00-00 00:00:00','0000-00-00 00:00:00',0),(2,112,NULL,'TP2.sh',58,16,1024,3910738964514894890,1,755,1001,513,'0000-00-00 00:00:00','0000-00-00 00:00:00','0000-00-00 00:00:00','0000-00-00 00:00:00',0),(2,112,NULL,'TP2Init1_6.sh',698,16,1024,9223372036854775807,1,755,1001,513,'0000-00-00 00:00:00','0000-00-00 00:00:00','0000-00-00 00:00:00','0000-00-00 00:00:00',0),(2,112,NULL,'TP2Init2_6.sh',339,16,1024,3601928227101840867,1,755,1001,513,'0000-00-00 00:00:00','0000-00-00 00:00:00','0000-00-00 00:00:00','0000-00-00 00:00:00',0),(2,113,NULL,'Age.js',458,16,1024,1424699601665011711,1,644,1001,513,'0000-00-00 00:00:00','0000-00-00 00:00:00','0000-00-00 00:00:00','0000-00-00 00:00:00',0),(2,113,NULL,'CoursSQL1031.txt',680,16,1024,9223372036854775807,1,644,1001,513,'0000-00-00 00:00:00','0000-00-00 00:00:00','0000-00-00 00:00:00','0000-00-00 00:00:00',0),(2,113,NULL,'Fichier.js',242,16,1024,9223372036854775807,1,644,1001,513,'0000-00-00 00:00:00','0000-00-00 00:00:00','0000-00-00 00:00:00','0000-00-00 00:00:00',0),(2,113,NULL,'file-master.zip',605412,592,1024,9134879261978633631,1,644,1001,513,'0000-00-00 00:00:00','0000-00-00 00:00:00','0000-00-00 00:00:00','0000-00-00 00:00:00',0),(2,113,NULL,'HTTP-master.zip',1548,16,1024,6455993297030789267,1,644,1001,513,'0000-00-00 00:00:00','0000-00-00 00:00:00','0000-00-00 00:00:00','0000-00-00 00:00:00',0),(2,113,NULL,'JavaScriptObjects.pdf',318814,320,1024,9223372036854775807,1,644,1001,513,'0000-00-00 00:00:00','0000-00-00 00:00:00','0000-00-00 00:00:00','0000-00-00 00:00:00',0),(2,113,NULL,'MySQL.pdf',157230,160,1024,6635122640801380639,1,644,1001,513,'0000-00-00 00:00:00','0000-00-00 00:00:00','0000-00-00 00:00:00','0000-00-00 00:00:00',0),(2,113,NULL,'mysql-master.zip',230720,240,1024,9223372036854775807,1,644,1001,513,'0000-00-00 00:00:00','0000-00-00 00:00:00','0000-00-00 00:00:00','0000-00-00 00:00:00',0),(2,113,NULL,'SLEx2.zip',1406,16,1024,7525469364189936210,1,644,1001,513,'0000-00-00 00:00:00','0000-00-00 00:00:00','0000-00-00 00:00:00','0000-00-00 00:00:00',0),(2,113,NULL,'TestInFile.js',285,16,1024,1111777427365118269,1,644,1001,513,'0000-00-00 00:00:00','0000-00-00 00:00:00','0000-00-00 00:00:00','0000-00-00 00:00:00',0),(2,113,NULL,'TP02Dec.html',2149,16,1024,9223372036854775807,1,644,1001,513,'0000-00-00 00:00:00','0000-00-00 00:00:00','0000-00-00 00:00:00','0000-00-00 00:00:00',0),(2,113,NULL,'TP3.txt',453,16,1024,9223372036854775807,1,644,1001,513,'0000-00-00 00:00:00','0000-00-00 00:00:00','0000-00-00 00:00:00','0000-00-00 00:00:00',0),(2,113,NULL,'TP3.zip',2914,16,1024,9223372036854775807,1,644,1001,513,'0000-00-00 00:00:00','0000-00-00 00:00:00','0000-00-00 00:00:00','0000-00-00 00:00:00',0),(2,114,NULL,'Avg.js',364,16,1024,4419078462037305871,1,644,1001,513,'0000-00-00 00:00:00','0000-00-00 00:00:00','0000-00-00 00:00:00','0000-00-00 00:00:00',0),(2,114,NULL,'Ex1.js',100,16,1024,9223372036854775807,1,644,1001,513,'0000-00-00 00:00:00','0000-00-00 00:00:00','0000-00-00 00:00:00','0000-00-00 00:00:00',0),(2,114,NULL,'Ex2.js',356,16,1024,9223372036854775807,1,644,1001,513,'0000-00-00 00:00:00','0000-00-00 00:00:00','0000-00-00 00:00:00','0000-00-00 00:00:00',0),(2,114,NULL,'Ex3.js',355,16,1024,9223372036854775807,1,644,1001,513,'0000-00-00 00:00:00','0000-00-00 00:00:00','0000-00-00 00:00:00','0000-00-00 00:00:00',0),(2,114,NULL,'Ex4.js',399,16,1024,9223372036854775807,1,644,1001,513,'0000-00-00 00:00:00','0000-00-00 00:00:00','0000-00-00 00:00:00','0000-00-00 00:00:00',0),(2,114,NULL,'Ex5.js',338,16,1024,9223372036854775807,1,644,1001,513,'0000-00-00 00:00:00','0000-00-00 00:00:00','0000-00-00 00:00:00','0000-00-00 00:00:00',0),(2,114,NULL,'Ex6.js',270,16,1024,9223372036854775807,1,644,1001,513,'0000-00-00 00:00:00','0000-00-00 00:00:00','0000-00-00 00:00:00','0000-00-00 00:00:00',0),(2,114,NULL,'Ex7.js',332,16,1024,9223372036854775807,1,644,1001,513,'0000-00-00 00:00:00','0000-00-00 00:00:00','0000-00-00 00:00:00','0000-00-00 00:00:00',0),(2,114,NULL,'Ex8.js',370,16,1024,9223372036854775807,1,644,1001,513,'0000-00-00 00:00:00','0000-00-00 00:00:00','0000-00-00 00:00:00','0000-00-00 00:00:00',0),(2,114,NULL,'HW1.js',247,16,1024,8974330860213715295,1,644,1001,513,'0000-00-00 00:00:00','0000-00-00 00:00:00','0000-00-00 00:00:00','0000-00-00 00:00:00',0),(2,114,NULL,'HW1.txt',721,16,1024,9223372036854775807,1,644,1001,513,'0000-00-00 00:00:00','0000-00-00 00:00:00','0000-00-00 00:00:00','0000-00-00 00:00:00',0),(2,114,NULL,'HW2.js',303,16,1024,8974613147719832094,1,644,1001,513,'0000-00-00 00:00:00','0000-00-00 00:00:00','0000-00-00 00:00:00','0000-00-00 00:00:00',0),(2,114,NULL,'HW3.js',223,16,1024,8974895435225948893,1,644,1001,513,'0000-00-00 00:00:00','0000-00-00 00:00:00','0000-00-00 00:00:00','0000-00-00 00:00:00',0),(2,114,NULL,'HW4.js',162,16,1024,8975177722732065692,1,644,1001,513,'0000-00-00 00:00:00','0000-00-00 00:00:00','0000-00-00 00:00:00','0000-00-00 00:00:00',0),(2,114,NULL,'HW5.js',128,16,1024,8975460010238182491,1,644,1001,513,'0000-00-00 00:00:00','0000-00-00 00:00:00','0000-00-00 00:00:00','0000-00-00 00:00:00',0),(2,114,NULL,'Test.js',1152,16,1024,8434318039973581947,1,644,1001,513,'0000-00-00 00:00:00','0000-00-00 00:00:00','0000-00-00 00:00:00','0000-00-00 00:00:00',0),(2,114,NULL,'TP1.zip',1729,16,1024,9223372036854775807,1,644,1001,513,'0000-00-00 00:00:00','0000-00-00 00:00:00','0000-00-00 00:00:00','0000-00-00 00:00:00',0),(2,115,NULL,'Probleme1.js',76,16,1024,6230526469995175165,1,644,1001,513,'0000-00-00 00:00:00','0000-00-00 00:00:00','0000-00-00 00:00:00','0000-00-00 00:00:00',0),(2,115,NULL,'Probleme2.js',97,16,1024,6230808757501291964,1,644,1001,513,'0000-00-00 00:00:00','0000-00-00 00:00:00','0000-00-00 00:00:00','0000-00-00 00:00:00',0),(2,115,NULL,'Probleme3.js',88,16,1024,6231091045007408763,1,644,1001,513,'0000-00-00 00:00:00','0000-00-00 00:00:00','0000-00-00 00:00:00','0000-00-00 00:00:00',0),(2,115,NULL,'Probleme4.js',127,16,1024,6231373332513525562,1,644,1001,513,'0000-00-00 00:00:00','0000-00-00 00:00:00','0000-00-00 00:00:00','0000-00-00 00:00:00',0),(2,115,NULL,'Probleme5.js',221,16,1024,6231655620019642361,1,644,1001,513,'0000-00-00 00:00:00','0000-00-00 00:00:00','0000-00-00 00:00:00','0000-00-00 00:00:00',0),(2,115,NULL,'Probleme6.js',181,16,1024,6231937907525759160,1,644,1001,513,'0000-00-00 00:00:00','0000-00-00 00:00:00','0000-00-00 00:00:00','0000-00-00 00:00:00',0),(2,115,NULL,'Probleme7.js',248,16,1024,6232220195031875959,1,644,1001,513,'0000-00-00 00:00:00','0000-00-00 00:00:00','0000-00-00 00:00:00','0000-00-00 00:00:00',0),(2,116,NULL,'Ex2.js',1114,16,1024,9223372036854775807,1,644,1001,513,'0000-00-00 00:00:00','0000-00-00 00:00:00','0000-00-00 00:00:00','0000-00-00 00:00:00',0),(2,116,NULL,'Ex2debug.js',1239,16,1024,9223372036854775807,1,644,1001,513,'0000-00-00 00:00:00','0000-00-00 00:00:00','0000-00-00 00:00:00','0000-00-00 00:00:00',0),(2,117,NULL,'FileInv1121.sql',4977,16,1024,9223372036854775807,1,644,1001,513,'0000-00-00 00:00:00','0000-00-00 00:00:00','0000-00-00 00:00:00','0000-00-00 00:00:00',0),(2,117,NULL,'npm-debug.log',30860,32,1024,9223372036854775807,1,644,1001,513,'0000-00-00 00:00:00','0000-00-00 00:00:00','0000-00-00 00:00:00','0000-00-00 00:00:00',0),(2,117,NULL,'Volume.bat',328,16,1024,9223372036854775807,1,644,1001,513,'0000-00-00 00:00:00','0000-00-00 00:00:00','0000-00-00 00:00:00','0000-00-00 00:00:00',0),(2,118,NULL,'COMMIT_EDITMSG',40,16,1024,5243703498014248784,1,644,1001,513,'0000-00-00 00:00:00','0000-00-00 00:00:00','0000-00-00 00:00:00','0000-00-00 00:00:00',0),(2,118,NULL,'config',302,16,1024,9223372036854775807,1,644,1001,513,'0000-00-00 00:00:00','0000-00-00 00:00:00','0000-00-00 00:00:00','0000-00-00 00:00:00',0),(2,118,NULL,'description',73,16,1024,1948309684071144315,1,644,1001,513,'0000-00-00 00:00:00','0000-00-00 00:00:00','0000-00-00 00:00:00','0000-00-00 00:00:00',0),(2,118,NULL,'FETCH_HEAD',97,16,1024,2094880860572740838,1,644,1001,513,'0000-00-00 00:00:00','0000-00-00 00:00:00','0000-00-00 00:00:00','0000-00-00 00:00:00',0),(2,118,NULL,'HEAD',23,16,1024,6356335756886196577,1,644,1001,513,'0000-00-00 00:00:00','0000-00-00 00:00:00','0000-00-00 00:00:00','0000-00-00 00:00:00',0),(2,118,NULL,'index',1751,16,1024,9223372036854775807,1,644,1001,513,'0000-00-00 00:00:00','0000-00-00 00:00:00','0000-00-00 00:00:00','0000-00-00 00:00:00',0),(2,118,NULL,'ORIG_HEAD',41,16,1024,4008341161539624317,1,644,1001,513,'0000-00-00 00:00:00','0000-00-00 00:00:00','0000-00-00 00:00:00','0000-00-00 00:00:00',0),(2,118,NULL,'packed-refs',107,16,1024,1560849770675175636,1,644,1001,513,'0000-00-00 00:00:00','0000-00-00 00:00:00','0000-00-00 00:00:00','0000-00-00 00:00:00',0),(2,119,NULL,'applypatch-msg.sample',478,16,1024,7232780549323933565,1,755,1001,513,'0000-00-00 00:00:00','0000-00-00 00:00:00','0000-00-00 00:00:00','0000-00-00 00:00:00',0),(2,119,NULL,'commit-msg.sample',896,16,1024,5365989045358942976,1,755,1001,513,'0000-00-00 00:00:00','0000-00-00 00:00:00','0000-00-00 00:00:00','0000-00-00 00:00:00',0),(2,119,NULL,'post-update.sample',189,16,1024,5011677058872037423,1,755,1001,513,'0000-00-00 00:00:00','0000-00-00 00:00:00','0000-00-00 00:00:00','0000-00-00 00:00:00',0),(2,119,NULL,'pre-applypatch.sample',424,16,1024,371717577623529703,1,755,1001,513,'0000-00-00 00:00:00','0000-00-00 00:00:00','0000-00-00 00:00:00','0000-00-00 00:00:00',0),(2,119,NULL,'pre-commit.sample',1642,16,1024,4665155917107590506,1,755,1001,513,'0000-00-00 00:00:00','0000-00-00 00:00:00','0000-00-00 00:00:00','0000-00-00 00:00:00',0),(2,119,NULL,'prepare-commit-msg.sample',1239,16,1024,9223372036854775807,1,755,1001,513,'0000-00-00 00:00:00','0000-00-00 00:00:00','0000-00-00 00:00:00','0000-00-00 00:00:00',0),(2,119,NULL,'pre-push.sample',1348,16,1024,9007499391147985735,1,755,1001,513,'0000-00-00 00:00:00','0000-00-00 00:00:00','0000-00-00 00:00:00','0000-00-00 00:00:00',0),(2,119,NULL,'pre-rebase.sample',4951,16,1024,12981248175538013,1,755,1001,513,'0000-00-00 00:00:00','0000-00-00 00:00:00','0000-00-00 00:00:00','0000-00-00 00:00:00',0),(2,119,NULL,'pre-receive.sample',544,16,1024,9223372036854775807,1,755,1001,513,'0000-00-00 00:00:00','0000-00-00 00:00:00','0000-00-00 00:00:00','0000-00-00 00:00:00',0),(2,119,NULL,'update.sample',3610,16,1024,9223372036854775807,1,755,1001,513,'0000-00-00 00:00:00','0000-00-00 00:00:00','0000-00-00 00:00:00','0000-00-00 00:00:00',0),(2,120,NULL,'exclude',240,16,1024,7856442758201418957,1,644,1001,513,'0000-00-00 00:00:00','0000-00-00 00:00:00','0000-00-00 00:00:00','0000-00-00 00:00:00',0),(2,121,NULL,'HEAD',1505,16,1024,4627507349989139244,1,644,1001,513,'0000-00-00 00:00:00','0000-00-00 00:00:00','0000-00-00 00:00:00','0000-00-00 00:00:00',0),(2,123,NULL,'master',1348,16,1024,2326039461613723451,1,644,1001,513,'0000-00-00 00:00:00','0000-00-00 00:00:00','0000-00-00 00:00:00','0000-00-00 00:00:00',0),(2,125,NULL,'HEAD',190,16,1024,7754299201559106743,1,644,1001,513,'0000-00-00 00:00:00','0000-00-00 00:00:00','0000-00-00 00:00:00','0000-00-00 00:00:00',0),(2,125,NULL,'master',931,16,1024,446308983740222009,1,644,1001,513,'0000-00-00 00:00:00','0000-00-00 00:00:00','0000-00-00 00:00:00','0000-00-00 00:00:00',0),(2,127,NULL,'2dc32a6df812419d3feac87c52152a4c2d89de',143,16,1024,8446515167194305037,1,444,1001,513,'0000-00-00 00:00:00','0000-00-00 00:00:00','0000-00-00 00:00:00','0000-00-00 00:00:00',0),(2,128,NULL,'4fecd12be98598e1c97e7d165f01632b3330e0',18099,32,1024,9223372036854775807,1,444,1001,513,'0000-00-00 00:00:00','0000-00-00 00:00:00','0000-00-00 00:00:00','0000-00-00 00:00:00',0),(2,129,NULL,'231f044eafbb4f6a9579c7ed139a199e171771',105,16,1024,2736003378006368067,1,444,1001,513,'0000-00-00 00:00:00','0000-00-00 00:00:00','0000-00-00 00:00:00','0000-00-00 00:00:00',0),(2,130,NULL,'91d2b963d74677f796885d2144efe12b5fc9e7',77,16,1024,9223372036854775807,1,444,1001,513,'0000-00-00 00:00:00','0000-00-00 00:00:00','0000-00-00 00:00:00','0000-00-00 00:00:00',0),(2,131,NULL,'591e9681233f9b7e39ac3309acd811426877e0',87,16,1024,9223372036854775807,1,444,1001,513,'0000-00-00 00:00:00','0000-00-00 00:00:00','0000-00-00 00:00:00','0000-00-00 00:00:00',0),(2,131,NULL,'fb684427a8173881dbd3ec74bea486cf7f0ebd',56,16,1024,1166049899305338102,1,444,1001,513,'0000-00-00 00:00:00','0000-00-00 00:00:00','0000-00-00 00:00:00','0000-00-00 00:00:00',0),(2,132,NULL,'5278e716d646c86b41eb952f38b76985e86000',706,16,1024,5186969425147518412,1,444,1001,513,'0000-00-00 00:00:00','0000-00-00 00:00:00','0000-00-00 00:00:00','0000-00-00 00:00:00',0),(2,132,NULL,'643cc37449b4bde54411a80b8ed61258225e34',245,16,1024,1554623619674705074,1,444,1001,513,'0000-00-00 00:00:00','0000-00-00 00:00:00','0000-00-00 00:00:00','0000-00-00 00:00:00',0),(2,133,NULL,'177f63086c88ab8e581b623f1554ee50c495f4',185,16,1024,9223372036854775807,1,444,1001,513,'0000-00-00 00:00:00','0000-00-00 00:00:00','0000-00-00 00:00:00','0000-00-00 00:00:00',0),(2,134,NULL,'781054fa50ffbd713bd2ca1badc08b8f068014',1670,16,1024,5980265397029499432,1,444,1001,513,'0000-00-00 00:00:00','0000-00-00 00:00:00','0000-00-00 00:00:00','0000-00-00 00:00:00',0),(2,134,NULL,'e2bc22715e77f0d66f93f1f53765334c32a91a',56,16,1024,9223372036854775807,1,444,1001,513,'0000-00-00 00:00:00','0000-00-00 00:00:00','0000-00-00 00:00:00','0000-00-00 00:00:00',0),(2,135,NULL,'492c5aacc0f6f744cd45f66be5e19a2c0e84c7',709,16,1024,9223372036854775807,1,444,1001,513,'0000-00-00 00:00:00','0000-00-00 00:00:00','0000-00-00 00:00:00','0000-00-00 00:00:00',0),(2,136,NULL,'88cbe29f551a92305762bc542b370fb1f87ffd',56,16,1024,1791524583524687115,1,444,1001,513,'0000-00-00 00:00:00','0000-00-00 00:00:00','0000-00-00 00:00:00','0000-00-00 00:00:00',0),(2,137,NULL,'d82bf3019af05251a83e24252398900ca12103',56,16,1024,4379645014094346905,1,444,1001,513,'0000-00-00 00:00:00','0000-00-00 00:00:00','0000-00-00 00:00:00','0000-00-00 00:00:00',0),(2,138,NULL,'088fc54240a1265d27e5deaf9a7b9e061f31ed',56,16,1024,1717635818133424356,1,444,1001,513,'0000-00-00 00:00:00','0000-00-00 00:00:00','0000-00-00 00:00:00','0000-00-00 00:00:00',0),(2,139,NULL,'e0647a982eb59632ab653624154cf53468dc57',33104,48,1024,9223372036854775807,1,444,1001,513,'0000-00-00 00:00:00','0000-00-00 00:00:00','0000-00-00 00:00:00','0000-00-00 00:00:00',0),(2,140,NULL,'507a53dc5ce6a5e123f9ff7592c1963e621a02',145,16,1024,6542626649228154063,1,444,1001,513,'0000-00-00 00:00:00','0000-00-00 00:00:00','0000-00-00 00:00:00','0000-00-00 00:00:00',0),(2,141,NULL,'6e81c3c83ea9f19a35d4cf7b636b8624a54844',163,16,1024,8323009500250381086,1,444,1001,513,'0000-00-00 00:00:00','0000-00-00 00:00:00','0000-00-00 00:00:00','0000-00-00 00:00:00',0),(2,141,NULL,'bfa46b41c70931b3c4a5b9bfa3a11d167d5d70',183,16,1024,9223372036854775807,1,444,1001,513,'0000-00-00 00:00:00','0000-00-00 00:00:00','0000-00-00 00:00:00','0000-00-00 00:00:00',0),(2,142,NULL,'5b03c4ab421e70437a7ef63b4a38f4aaf4b439',76,16,1024,9223372036854775807,1,444,1001,513,'0000-00-00 00:00:00','0000-00-00 00:00:00','0000-00-00 00:00:00','0000-00-00 00:00:00',0),(2,143,NULL,'c7d459d1be0d677d456dd607abc6a2d0811465',57,16,1024,2820129524177602738,1,444,1001,513,'0000-00-00 00:00:00','0000-00-00 00:00:00','0000-00-00 00:00:00','0000-00-00 00:00:00',0),(2,144,NULL,'1d57e97b40c4ade643b6dccc99fe4c13ab7833',134,16,1024,9223372036854775807,1,444,1001,513,'0000-00-00 00:00:00','0000-00-00 00:00:00','0000-00-00 00:00:00','0000-00-00 00:00:00',0),(2,145,NULL,'815b2020eb3d7cf48d6304390327541964f495',164,16,1024,8172906609992341435,1,444,1001,513,'0000-00-00 00:00:00','0000-00-00 00:00:00','0000-00-00 00:00:00','0000-00-00 00:00:00',0),(2,146,NULL,'e1cff01e504bc2deb0957410d0ddb0b43ca7d9',185,16,1024,6971388871843961593,1,444,1001,513,'0000-00-00 00:00:00','0000-00-00 00:00:00','0000-00-00 00:00:00','0000-00-00 00:00:00',0),(2,147,NULL,'6c9cf323a366cf2397e8ce30a8839619f7b22f',89,16,1024,9223372036854775807,1,444,1001,513,'0000-00-00 00:00:00','0000-00-00 00:00:00','0000-00-00 00:00:00','0000-00-00 00:00:00',0),(2,148,NULL,'d166a0ea2e32ff29ee8fb5e8cfa4708ae03b96',61,16,1024,3850342874526154509,1,444,1001,513,'0000-00-00 00:00:00','0000-00-00 00:00:00','0000-00-00 00:00:00','0000-00-00 00:00:00',0),(2,149,NULL,'abef0a7321b6a28a8158dd5e42250cbdf6f06e',228,16,1024,9223372036854775807,1,444,1001,513,'0000-00-00 00:00:00','0000-00-00 00:00:00','0000-00-00 00:00:00','0000-00-00 00:00:00',0),(2,149,NULL,'e2ce168c54aa9c321532979131b0eb6b8bc8b6',45,16,1024,5680545057996365856,1,444,1001,513,'0000-00-00 00:00:00','0000-00-00 00:00:00','0000-00-00 00:00:00','0000-00-00 00:00:00',0),(2,150,NULL,'9658bb3da53a118b7f2b9c1ca1a2d4028137ca',187,16,1024,9223372036854775807,1,444,1001,513,'0000-00-00 00:00:00','0000-00-00 00:00:00','0000-00-00 00:00:00','0000-00-00 00:00:00',0),(2,151,NULL,'6f73e1051f0795368a3c13449714890b6b337d',105,16,1024,5975406641116214100,1,444,1001,513,'0000-00-00 00:00:00','0000-00-00 00:00:00','0000-00-00 00:00:00','0000-00-00 00:00:00',0),(2,152,NULL,'6d98cc2e3e5895fbb740a926d50951cd0338a8',77,16,1024,4454788581225208760,1,444,1001,513,'0000-00-00 00:00:00','0000-00-00 00:00:00','0000-00-00 00:00:00','0000-00-00 00:00:00',0),(2,152,NULL,'cb29ba24666c03025a188713760d58b4bd1f41',370,16,1024,5327478245646306353,1,444,1001,513,'0000-00-00 00:00:00','0000-00-00 00:00:00','0000-00-00 00:00:00','0000-00-00 00:00:00',0),(2,153,NULL,'6e6ba43b1ef05fab9070e1a688442bb3d52019',268,16,1024,9223372036854775807,1,444,1001,513,'0000-00-00 00:00:00','0000-00-00 00:00:00','0000-00-00 00:00:00','0000-00-00 00:00:00',0),(2,154,NULL,'1fcb420cb867abc0b8296c71bed7d4cf289011',105,16,1024,9223372036854775807,1,444,1001,513,'0000-00-00 00:00:00','0000-00-00 00:00:00','0000-00-00 00:00:00','0000-00-00 00:00:00',0),(2,154,NULL,'2902f36ccd92e9e9b4f774a67d055542119aec',105,16,1024,9223372036854775807,1,444,1001,513,'0000-00-00 00:00:00','0000-00-00 00:00:00','0000-00-00 00:00:00','0000-00-00 00:00:00',0),(2,155,NULL,'a25f7f4cb416c083d265558da75d457237d671',155,16,1024,9223372036854775807,1,444,1001,513,'0000-00-00 00:00:00','0000-00-00 00:00:00','0000-00-00 00:00:00','0000-00-00 00:00:00',0),(2,156,NULL,'18a056dacf3f176b3d866420d1e58cc874d3a5',500,16,1024,9223372036854775807,1,444,1001,513,'0000-00-00 00:00:00','0000-00-00 00:00:00','0000-00-00 00:00:00','0000-00-00 00:00:00',0),(2,157,NULL,'5045120fde1e1fbd9660dcf09ce75c7e33a358',64,16,1024,9223372036854775807,1,444,1001,513,'0000-00-00 00:00:00','0000-00-00 00:00:00','0000-00-00 00:00:00','0000-00-00 00:00:00',0),(2,157,NULL,'511a950ce0595d1c5d9c4520dd054ef11321a3',206,16,1024,9223372036854775807,1,444,1001,513,'0000-00-00 00:00:00','0000-00-00 00:00:00','0000-00-00 00:00:00','0000-00-00 00:00:00',0),(2,158,NULL,'4936f47add85b3fea133dc42e690b44785b035',221,16,1024,6940872402465127528,1,444,1001,513,'0000-00-00 00:00:00','0000-00-00 00:00:00','0000-00-00 00:00:00','0000-00-00 00:00:00',0),(2,159,NULL,'9f60bc8845029bb005d30a3d76b3c3a61b02f4',1294,16,1024,2563311205119560801,1,444,1001,513,'0000-00-00 00:00:00','0000-00-00 00:00:00','0000-00-00 00:00:00','0000-00-00 00:00:00',0),(2,160,NULL,'d20be5d732bb8bb33aa6899c7b8cff24c16b8d',1003,16,1024,9223372036854775807,1,444,1001,513,'0000-00-00 00:00:00','0000-00-00 00:00:00','0000-00-00 00:00:00','0000-00-00 00:00:00',0),(2,161,NULL,'10f4aef1667bed0649790425d39caed9bb0de2',45,16,1024,8519206759189824626,1,444,1001,513,'0000-00-00 00:00:00','0000-00-00 00:00:00','0000-00-00 00:00:00','0000-00-00 00:00:00',0),(2,162,NULL,'046ee5a8d5f05cff64ed41951c6990f6e9aa6b',105,16,1024,9223372036854775807,1,444,1001,513,'0000-00-00 00:00:00','0000-00-00 00:00:00','0000-00-00 00:00:00','0000-00-00 00:00:00',0),(2,163,NULL,'d28a2a286f5709c60a551b5ef57412413790f5',77,16,1024,4855506582490722721,1,444,1001,513,'0000-00-00 00:00:00','0000-00-00 00:00:00','0000-00-00 00:00:00','0000-00-00 00:00:00',0),(2,164,NULL,'2e03502a0d6889c1585cc6d143de70cfe02285',208,16,1024,9223372036854775807,1,444,1001,513,'0000-00-00 00:00:00','0000-00-00 00:00:00','0000-00-00 00:00:00','0000-00-00 00:00:00',0),(2,165,NULL,'b6ed51b055bd8a233cca993fcc3a69734e9a27',290,16,1024,397589583110836266,1,444,1001,513,'0000-00-00 00:00:00','0000-00-00 00:00:00','0000-00-00 00:00:00','0000-00-00 00:00:00',0),(2,166,NULL,'4c50fdef1244a9a0d871be4ecce04c30a25962',167,16,1024,4687693594857462625,1,444,1001,513,'0000-00-00 00:00:00','0000-00-00 00:00:00','0000-00-00 00:00:00','0000-00-00 00:00:00',0),(2,167,NULL,'fbcaadc2f9fb0108de904323d5434edfb3a759',76,16,1024,9223372036854775807,1,444,1001,513,'0000-00-00 00:00:00','0000-00-00 00:00:00','0000-00-00 00:00:00','0000-00-00 00:00:00',0),(2,168,NULL,'816b885d205bb1dae270372316ddc730f4818f',207,16,1024,9223372036854775807,1,444,1001,513,'0000-00-00 00:00:00','0000-00-00 00:00:00','0000-00-00 00:00:00','0000-00-00 00:00:00',0),(2,169,NULL,'b75d32e502c59ed9f6c3f15c8e430ff6766062',206,16,1024,9223372036854775807,1,444,1001,513,'0000-00-00 00:00:00','0000-00-00 00:00:00','0000-00-00 00:00:00','0000-00-00 00:00:00',0),(2,170,NULL,'6f3460b962cbd6e7b21f7074b727c4cf4cf160',180,16,1024,901094556693086834,1,444,1001,513,'0000-00-00 00:00:00','0000-00-00 00:00:00','0000-00-00 00:00:00','0000-00-00 00:00:00',0),(2,171,NULL,'4ac08b3b70d0070554d2cab8f9f4393a190602',1971,16,1024,9223372036854775807,1,444,1001,513,'0000-00-00 00:00:00','0000-00-00 00:00:00','0000-00-00 00:00:00','0000-00-00 00:00:00',0),(2,172,NULL,'a9c556a220722e35b2ddb712ed3f2f7427e38a',221,16,1024,7320796905553287030,1,444,1001,513,'0000-00-00 00:00:00','0000-00-00 00:00:00','0000-00-00 00:00:00','0000-00-00 00:00:00',0),(2,172,NULL,'b4dd576c1cb721d3e2b6b2c13bb5bc6e0e8859',694,16,1024,1513713161902132519,1,444,1001,513,'0000-00-00 00:00:00','0000-00-00 00:00:00','0000-00-00 00:00:00','0000-00-00 00:00:00',0),(2,173,NULL,'9d93625af7973cda5a0d1af1c482dd285906ea',48,16,1024,9223372036854775807,1,444,1001,513,'0000-00-00 00:00:00','0000-00-00 00:00:00','0000-00-00 00:00:00','0000-00-00 00:00:00',0),(2,174,NULL,'25363be0a98cd0e14d3fbcf0d2788878a74f54',77,16,1024,9223372036854775807,1,444,1001,513,'0000-00-00 00:00:00','0000-00-00 00:00:00','0000-00-00 00:00:00','0000-00-00 00:00:00',0),(2,178,NULL,'master',41,16,1024,5837572477332196678,1,644,1001,513,'0000-00-00 00:00:00','0000-00-00 00:00:00','0000-00-00 00:00:00','0000-00-00 00:00:00',0),(2,180,NULL,'HEAD',32,16,1024,990216177112648172,1,644,1001,513,'0000-00-00 00:00:00','0000-00-00 00:00:00','0000-00-00 00:00:00','0000-00-00 00:00:00',0),(2,180,NULL,'master',41,16,1024,4031907352024446190,1,644,1001,513,'0000-00-00 00:00:00','0000-00-00 00:00:00','0000-00-00 00:00:00','0000-00-00 00:00:00',0),(2,182,NULL,'jsdev.iml',469,16,1024,9223372036854775807,1,644,1001,513,'0000-00-00 00:00:00','0000-00-00 00:00:00','0000-00-00 00:00:00','0000-00-00 00:00:00',0),(2,182,NULL,'misc.xml',557,16,1024,3339441318835749091,1,644,1001,513,'0000-00-00 00:00:00','0000-00-00 00:00:00','0000-00-00 00:00:00','0000-00-00 00:00:00',0),(2,182,NULL,'modules.xml',269,16,1024,9223372036854775807,1,644,1001,513,'0000-00-00 00:00:00','0000-00-00 00:00:00','0000-00-00 00:00:00','0000-00-00 00:00:00',0),(2,182,NULL,'vcs.xml',185,16,1024,9223372036854775807,1,644,1001,513,'0000-00-00 00:00:00','0000-00-00 00:00:00','0000-00-00 00:00:00','0000-00-00 00:00:00',0),(2,182,NULL,'workspace.xml',24646,32,1024,6954654357602199024,1,644,1001,513,'0000-00-00 00:00:00','0000-00-00 00:00:00','0000-00-00 00:00:00','0000-00-00 00:00:00',0),(2,183,NULL,'fs2MySQL.cpp',343,16,1024,364992777278095609,1,644,1001,513,'0000-00-00 00:00:00','0000-00-00 00:00:00','0000-00-00 00:00:00','0000-00-00 00:00:00',0),(2,184,NULL,'DrvInfo.sln',863,16,1024,9223372036854775807,1,644,1001,513,'0000-00-00 00:00:00','0000-00-00 00:00:00','0000-00-00 00:00:00','0000-00-00 00:00:00',0),(2,184,NULL,'DrvInfo.suo',20992,32,1024,9223372036854775807,1,644,1001,513,'0000-00-00 00:00:00','0000-00-00 00:00:00','0000-00-00 00:00:00','0000-00-00 00:00:00',0),(2,185,NULL,'DrvInfo.csproj',2435,16,1024,2419219778910693112,1,644,1001,513,'0000-00-00 00:00:00','0000-00-00 00:00:00','0000-00-00 00:00:00','0000-00-00 00:00:00',0),(2,185,NULL,'Program.cs',1672,16,1024,1690720390452045165,1,644,1001,513,'0000-00-00 00:00:00','0000-00-00 00:00:00','0000-00-00 00:00:00','0000-00-00 00:00:00',0),(2,187,NULL,'DrvInfo.exe',5120,16,1024,175244909135229961,1,755,1001,513,'0000-00-00 00:00:00','0000-00-00 00:00:00','0000-00-00 00:00:00','0000-00-00 00:00:00',0),(2,187,NULL,'DrvInfo.pdb',13824,16,1024,175244956469434789,1,644,1001,513,'0000-00-00 00:00:00','0000-00-00 00:00:00','0000-00-00 00:00:00','0000-00-00 00:00:00',0),(2,187,NULL,'DrvInfo.vshost.exe',11600,16,1024,4272717395827369138,1,755,1001,513,'0000-00-00 00:00:00','0000-00-00 00:00:00','0000-00-00 00:00:00','0000-00-00 00:00:00',0),(2,187,NULL,'DrvInfo.vshost.exe.manifest',490,16,1024,9223372036854775807,1,644,1001,513,'0000-00-00 00:00:00','0000-00-00 00:00:00','0000-00-00 00:00:00','0000-00-00 00:00:00',0),(2,188,NULL,'DrvInfo.exe',5120,16,1024,9223372036854775807,1,755,1001,513,'0000-00-00 00:00:00','0000-00-00 00:00:00','0000-00-00 00:00:00','0000-00-00 00:00:00',0),(2,188,NULL,'DrvInfo.pdb',11776,16,1024,9223372036854775807,1,644,1001,513,'0000-00-00 00:00:00','0000-00-00 00:00:00','0000-00-00 00:00:00','0000-00-00 00:00:00',0),(2,188,NULL,'DrvInfo.vshost.exe',11600,16,1024,9223372036854775807,1,755,1001,513,'0000-00-00 00:00:00','0000-00-00 00:00:00','0000-00-00 00:00:00','0000-00-00 00:00:00',0),(2,188,NULL,'DrvInfo.vshost.exe.manifest',490,16,1024,9223372036854775807,1,644,1001,513,'0000-00-00 00:00:00','0000-00-00 00:00:00','0000-00-00 00:00:00','0000-00-00 00:00:00',0),(2,191,NULL,'DesignTimeResolveAssemblyReferencesInput.cache',5875,16,1024,807562074271604054,1,644,1001,513,'0000-00-00 00:00:00','0000-00-00 00:00:00','0000-00-00 00:00:00','0000-00-00 00:00:00',0),(2,191,NULL,'DrvInfo.csproj.FileListAbsolute.txt',292,16,1024,9223372036854775807,1,644,1001,513,'0000-00-00 00:00:00','0000-00-00 00:00:00','0000-00-00 00:00:00','0000-00-00 00:00:00',0),(2,191,NULL,'DrvInfo.exe',5120,16,1024,521315254296703443,1,755,1001,513,'0000-00-00 00:00:00','0000-00-00 00:00:00','0000-00-00 00:00:00','0000-00-00 00:00:00',0),(2,191,NULL,'DrvInfo.pdb',13824,16,1024,521315301630908271,1,644,1001,513,'0000-00-00 00:00:00','0000-00-00 00:00:00','0000-00-00 00:00:00','0000-00-00 00:00:00',0),(2,193,NULL,'DesignTimeResolveAssemblyReferencesInput.cache',5879,16,1024,2523347710120019458,1,644,1001,513,'0000-00-00 00:00:00','0000-00-00 00:00:00','0000-00-00 00:00:00','0000-00-00 00:00:00',0),(2,193,NULL,'DrvInfo.csproj.FileListAbsolute.txt',300,16,1024,3181885606064579113,1,644,1001,513,'0000-00-00 00:00:00','0000-00-00 00:00:00','0000-00-00 00:00:00','0000-00-00 00:00:00',0),(2,193,NULL,'DrvInfo.exe',5120,16,1024,2757158760516823079,1,755,1001,513,'0000-00-00 00:00:00','0000-00-00 00:00:00','0000-00-00 00:00:00','0000-00-00 00:00:00',0),(2,193,NULL,'DrvInfo.pdb',11776,16,1024,2757158807851027907,1,644,1001,513,'0000-00-00 00:00:00','0000-00-00 00:00:00','0000-00-00 00:00:00','0000-00-00 00:00:00',0),(2,195,NULL,'AssemblyInfo.cs',1547,16,1024,2997017008224709044,1,644,1001,513,'0000-00-00 00:00:00','0000-00-00 00:00:00','0000-00-00 00:00:00','0000-00-00 00:00:00',0),(2,196,NULL,'ScanMain.js',5876,16,1024,9223372036854775807,1,644,1001,513,'0000-00-00 00:00:00','0000-00-00 00:00:00','0000-00-00 00:00:00','0000-00-00 00:00:00',0),(2,198,NULL,'component.json',399,16,1024,9223372036854775807,1,644,1001,513,'0000-00-00 00:00:00','0000-00-00 00:00:00','0000-00-00 00:00:00','0000-00-00 00:00:00',0),(2,198,NULL,'History.md',755,16,1024,9223372036854775807,1,644,1001,513,'0000-00-00 00:00:00','0000-00-00 00:00:00','0000-00-00 00:00:00','0000-00-00 00:00:00',0),(2,198,NULL,'index.js',3698,16,1024,8751516503785123934,1,644,1001,513,'0000-00-00 00:00:00','0000-00-00 00:00:00','0000-00-00 00:00:00','0000-00-00 00:00:00',0),(2,198,NULL,'Makefile',166,16,1024,6745257157462522147,1,644,1001,513,'0000-00-00 00:00:00','0000-00-00 00:00:00','0000-00-00 00:00:00','0000-00-00 00:00:00',0),(2,198,NULL,'package.json',2310,16,1024,9223372036854775807,1,644,1001,513,'0000-00-00 00:00:00','0000-00-00 00:00:00','0000-00-00 00:00:00','0000-00-00 00:00:00',0),(2,198,NULL,'README.md',4638,16,1024,2208841877144576382,1,644,1001,513,'0000-00-00 00:00:00','0000-00-00 00:00:00','0000-00-00 00:00:00','0000-00-00 00:00:00',0),(2,198,NULL,'test.js',1431,16,1024,9223372036854775807,1,644,1001,513,'0000-00-00 00:00:00','0000-00-00 00:00:00','0000-00-00 00:00:00','0000-00-00 00:00:00',0),(2,199,NULL,'bignumber.js',99826,112,1024,9223372036854775807,1,644,1001,513,'0000-00-00 00:00:00','0000-00-00 00:00:00','0000-00-00 00:00:00','0000-00-00 00:00:00',0),(2,199,NULL,'bignumber.js.map',34416,48,1024,9223372036854775807,1,644,1001,513,'0000-00-00 00:00:00','0000-00-00 00:00:00','0000-00-00 00:00:00','0000-00-00 00:00:00',0),(2,199,NULL,'bignumber.min.js',17580,32,1024,9223372036854775807,1,644,1001,513,'0000-00-00 00:00:00','0000-00-00 00:00:00','0000-00-00 00:00:00','0000-00-00 00:00:00',0),(2,199,NULL,'bower.json',666,16,1024,9223372036854775807,1,644,1001,513,'0000-00-00 00:00:00','0000-00-00 00:00:00','0000-00-00 00:00:00','0000-00-00 00:00:00',0),(2,199,NULL,'LICENCE',1110,16,1024,8577692711624421182,1,644,1001,513,'0000-00-00 00:00:00','0000-00-00 00:00:00','0000-00-00 00:00:00','0000-00-00 00:00:00',0),(2,199,NULL,'package.json',2730,16,1024,9223372036854775807,1,644,1001,513,'0000-00-00 00:00:00','0000-00-00 00:00:00','0000-00-00 00:00:00','0000-00-00 00:00:00',0),(2,199,NULL,'README.md',11427,16,1024,9223372036854775807,1,644,1001,513,'0000-00-00 00:00:00','0000-00-00 00:00:00','0000-00-00 00:00:00','0000-00-00 00:00:00',0),(2,200,NULL,'API.html',85190,96,1024,2746436823998101430,1,644,1001,513,'0000-00-00 00:00:00','0000-00-00 00:00:00','0000-00-00 00:00:00','0000-00-00 00:00:00',0),(2,201,NULL,'bindings.js',4632,16,1024,9223372036854775807,1,644,1001,513,'0000-00-00 00:00:00','0000-00-00 00:00:00','0000-00-00 00:00:00','0000-00-00 00:00:00',0),(2,201,NULL,'package.json',2284,16,1024,9223372036854775807,1,644,1001,513,'0000-00-00 00:00:00','0000-00-00 00:00:00','0000-00-00 00:00:00','0000-00-00 00:00:00',0),(2,201,NULL,'README.md',3343,16,1024,2483155948561753540,1,644,1001,513,'0000-00-00 00:00:00','0000-00-00 00:00:00','0000-00-00 00:00:00','0000-00-00 00:00:00',0),(2,202,NULL,'float.patch',16278,16,1024,9223372036854775807,1,644,1001,513,'0000-00-00 00:00:00','0000-00-00 00:00:00','0000-00-00 00:00:00','0000-00-00 00:00:00',0),(2,202,NULL,'LICENSE',1077,16,1024,9223372036854775807,1,644,1001,513,'0000-00-00 00:00:00','0000-00-00 00:00:00','0000-00-00 00:00:00','0000-00-00 00:00:00',0),(2,202,NULL,'package.json',2343,16,1024,9223372036854775807,1,644,1001,513,'0000-00-00 00:00:00','0000-00-00 00:00:00','0000-00-00 00:00:00','0000-00-00 00:00:00',0),(2,202,NULL,'README.md',67,16,1024,1825052485455551613,1,644,1001,513,'0000-00-00 00:00:00','0000-00-00 00:00:00','0000-00-00 00:00:00','0000-00-00 00:00:00',0),(2,202,NULL,'test.js',2101,16,1024,3276460680198816779,1,644,1001,513,'0000-00-00 00:00:00','0000-00-00 00:00:00','0000-00-00 00:00:00','0000-00-00 00:00:00',0),(2,203,NULL,'util.js',3021,16,1024,9223372036854775807,1,644,1001,513,'0000-00-00 00:00:00','0000-00-00 00:00:00','0000-00-00 00:00:00','0000-00-00 00:00:00',0),(2,204,NULL,'bower.json',564,16,1024,6788663468632369891,1,644,1001,513,'0000-00-00 00:00:00','0000-00-00 00:00:00','0000-00-00 00:00:00','0000-00-00 00:00:00',0),(2,204,NULL,'browser.js',4067,16,1024,9223372036854775807,1,644,1001,513,'0000-00-00 00:00:00','0000-00-00 00:00:00','0000-00-00 00:00:00','0000-00-00 00:00:00',0),(2,204,NULL,'CHANGELOG.md',7253,16,1024,6036232984924342325,1,644,1001,513,'0000-00-00 00:00:00','0000-00-00 00:00:00','0000-00-00 00:00:00','0000-00-00 00:00:00',0),(2,204,NULL,'component.json',309,16,1024,9223372036854775807,1,644,1001,513,'0000-00-00 00:00:00','0000-00-00 00:00:00','0000-00-00 00:00:00','0000-00-00 00:00:00',0),(2,204,NULL,'debug.js',4196,16,1024,9223372036854775807,1,644,1001,513,'0000-00-00 00:00:00','0000-00-00 00:00:00','0000-00-00 00:00:00','0000-00-00 00:00:00',0),(2,204,NULL,'index.js',269,16,1024,5745578303212405673,1,644,1001,513,'0000-00-00 00:00:00','0000-00-00 00:00:00','0000-00-00 00:00:00','0000-00-00 00:00:00',0),(2,204,NULL,'LICENSE',1107,16,1024,4760630837671623549,1,644,1001,513,'0000-00-00 00:00:00','0000-00-00 00:00:00','0000-00-00 00:00:00','0000-00-00 00:00:00',0),(2,204,NULL,'Makefile',765,16,1024,3739318956889803886,1,644,1001,513,'0000-00-00 00:00:00','0000-00-00 00:00:00','0000-00-00 00:00:00','0000-00-00 00:00:00',0),(2,204,NULL,'node.js',4884,16,1024,9223372036854775807,1,644,1001,513,'0000-00-00 00:00:00','0000-00-00 00:00:00','0000-00-00 00:00:00','0000-00-00 00:00:00',0),(2,204,NULL,'package.json',2900,16,1024,9223372036854775807,1,644,1001,513,'0000-00-00 00:00:00','0000-00-00 00:00:00','0000-00-00 00:00:00','0000-00-00 00:00:00',0),(2,204,NULL,'Readme.md',6744,16,1024,9223372036854775807,1,644,1001,513,'0000-00-00 00:00:00','0000-00-00 00:00:00','0000-00-00 00:00:00','0000-00-00 00:00:00',0),(2,205,NULL,'inherits.js',192,16,1024,9223372036854775807,1,644,1001,513,'0000-00-00 00:00:00','0000-00-00 00:00:00','0000-00-00 00:00:00','0000-00-00 00:00:00',0),(2,205,NULL,'inherits_browser.js',672,16,1024,9223372036854775807,1,644,1001,513,'0000-00-00 00:00:00','0000-00-00 00:00:00','0000-00-00 00:00:00','0000-00-00 00:00:00',0),(2,205,NULL,'LICENSE',749,16,1024,2979196604895522168,1,644,1001,513,'0000-00-00 00:00:00','0000-00-00 00:00:00','0000-00-00 00:00:00','0000-00-00 00:00:00',0),(2,205,NULL,'package.json',2440,16,1024,9223372036854775807,1,644,1001,513,'0000-00-00 00:00:00','0000-00-00 00:00:00','0000-00-00 00:00:00','0000-00-00 00:00:00',0),(2,205,NULL,'README.md',1625,16,1024,9223372036854775807,1,644,1001,513,'0000-00-00 00:00:00','0000-00-00 00:00:00','0000-00-00 00:00:00','0000-00-00 00:00:00',0),(2,206,NULL,'component.json',470,16,1024,9223372036854775807,1,644,1001,513,'0000-00-00 00:00:00','0000-00-00 00:00:00','0000-00-00 00:00:00','0000-00-00 00:00:00',0),(2,206,NULL,'index.js',120,16,1024,3784240909331327757,1,644,1001,513,'0000-00-00 00:00:00','0000-00-00 00:00:00','0000-00-00 00:00:00','0000-00-00 00:00:00',0),(2,206,NULL,'package.json',2091,16,1024,2935582711863256664,1,644,1001,513,'0000-00-00 00:00:00','0000-00-00 00:00:00','0000-00-00 00:00:00','0000-00-00 00:00:00',0),(2,206,NULL,'README.md',1557,16,1024,9223372036854775807,1,644,1001,513,'0000-00-00 00:00:00','0000-00-00 00:00:00','0000-00-00 00:00:00','0000-00-00 00:00:00',0),(2,207,NULL,'build.js',4089,16,1024,7784420593301216287,1,644,1001,513,'0000-00-00 00:00:00','0000-00-00 00:00:00','0000-00-00 00:00:00','0000-00-00 00:00:00',0),(2,208,NULL,'index.js',2716,16,1024,7604590145591046624,1,644,1001,513,'0000-00-00 00:00:00','0000-00-00 00:00:00','0000-00-00 00:00:00','0000-00-00 00:00:00',0),(2,208,NULL,'LICENSE.md',1077,16,1024,3920276418031489375,1,644,1001,513,'0000-00-00 00:00:00','0000-00-00 00:00:00','0000-00-00 00:00:00','0000-00-00 00:00:00',0),(2,208,NULL,'package.json',2410,16,1024,3304842025800661547,1,644,1001,513,'0000-00-00 00:00:00','0000-00-00 00:00:00','0000-00-00 00:00:00','0000-00-00 00:00:00',0),(2,208,NULL,'README.md',1832,16,1024,9223372036854775807,1,644,1001,513,'0000-00-00 00:00:00','0000-00-00 00:00:00','0000-00-00 00:00:00','0000-00-00 00:00:00',0),(2,209,NULL,'Changes.md',17816,32,1024,9223372036854775807,1,644,1001,513,'0000-00-00 00:00:00','0000-00-00 00:00:00','0000-00-00 00:00:00','0000-00-00 00:00:00',0),(2,209,NULL,'index.js',4286,16,1024,9223372036854775807,1,644,1001,513,'0000-00-00 00:00:00','0000-00-00 00:00:00','0000-00-00 00:00:00','0000-00-00 00:00:00',0),(2,209,NULL,'License',1118,16,1024,9223372036854775807,1,644,1001,513,'0000-00-00 00:00:00','0000-00-00 00:00:00','0000-00-00 00:00:00','0000-00-00 00:00:00',0),(2,209,NULL,'package.json',3501,16,1024,9223372036854775807,1,644,1001,513,'0000-00-00 00:00:00','0000-00-00 00:00:00','0000-00-00 00:00:00','0000-00-00 00:00:00',0),(2,209,NULL,'Readme.md',49055,48,1024,9223372036854775807,1,644,1001,513,'0000-00-00 00:00:00','0000-00-00 00:00:00','0000-00-00 00:00:00','0000-00-00 00:00:00',0),(2,210,NULL,'Connection.js',12558,16,1024,9223372036854775807,1,644,1001,513,'0000-00-00 00:00:00','0000-00-00 00:00:00','0000-00-00 00:00:00','0000-00-00 00:00:00',0),(2,210,NULL,'ConnectionConfig.js',6337,16,1024,9223372036854775807,1,644,1001,513,'0000-00-00 00:00:00','0000-00-00 00:00:00','0000-00-00 00:00:00','0000-00-00 00:00:00',0),(2,210,NULL,'Pool.js',7487,16,1024,9223372036854775807,1,644,1001,513,'0000-00-00 00:00:00','0000-00-00 00:00:00','0000-00-00 00:00:00','0000-00-00 00:00:00',0),(2,210,NULL,'PoolCluster.js',6400,16,1024,2519593923946546917,1,644,1001,513,'0000-00-00 00:00:00','0000-00-00 00:00:00','0000-00-00 00:00:00','0000-00-00 00:00:00',0),(2,210,NULL,'PoolConfig.js',1057,16,1024,9223372036854775807,1,644,1001,513,'0000-00-00 00:00:00','0000-00-00 00:00:00','0000-00-00 00:00:00','0000-00-00 00:00:00',0),(2,210,NULL,'PoolConnection.js',1849,16,1024,9223372036854775807,1,644,1001,513,'0000-00-00 00:00:00','0000-00-00 00:00:00','0000-00-00 00:00:00','0000-00-00 00:00:00',0),(2,210,NULL,'PoolNamespace.js',3220,16,1024,9223372036854775807,1,644,1001,513,'0000-00-00 00:00:00','0000-00-00 00:00:00','0000-00-00 00:00:00','0000-00-00 00:00:00',0),(2,210,NULL,'PoolSelector.js',588,16,1024,9223372036854775807,1,644,1001,513,'0000-00-00 00:00:00','0000-00-00 00:00:00','0000-00-00 00:00:00','0000-00-00 00:00:00',0),(2,211,NULL,'Auth.js',3888,16,1024,9223372036854775807,1,644,1001,513,'0000-00-00 00:00:00','0000-00-00 00:00:00','0000-00-00 00:00:00','0000-00-00 00:00:00',0),(2,211,NULL,'PacketHeader.js',121,16,1024,8779310108612147722,1,644,1001,513,'0000-00-00 00:00:00','0000-00-00 00:00:00','0000-00-00 00:00:00','0000-00-00 00:00:00',0),(2,211,NULL,'PacketWriter.js',5292,16,1024,9223372036854775807,1,644,1001,513,'0000-00-00 00:00:00','0000-00-00 00:00:00','0000-00-00 00:00:00','0000-00-00 00:00:00',0),(2,211,NULL,'Parser.js',12251,16,1024,9223372036854775807,1,644,1001,513,'0000-00-00 00:00:00','0000-00-00 00:00:00','0000-00-00 00:00:00','0000-00-00 00:00:00',0),(2,211,NULL,'Protocol.js',11596,16,1024,9223372036854775807,1,644,1001,513,'0000-00-00 00:00:00','0000-00-00 00:00:00','0000-00-00 00:00:00','0000-00-00 00:00:00',0),(2,211,NULL,'ResultSet.js',233,16,1024,9223372036854775807,1,644,1001,513,'0000-00-00 00:00:00','0000-00-00 00:00:00','0000-00-00 00:00:00','0000-00-00 00:00:00',0),(2,211,NULL,'SqlString.js',39,16,1024,9223372036854775807,1,644,1001,513,'0000-00-00 00:00:00','0000-00-00 00:00:00','0000-00-00 00:00:00','0000-00-00 00:00:00',0),(2,212,NULL,'charsets.js',11398,16,1024,9223372036854775807,1,644,1001,513,'0000-00-00 00:00:00','0000-00-00 00:00:00','0000-00-00 00:00:00','0000-00-00 00:00:00',0),(2,212,NULL,'client.js',1629,16,1024,7528525453091016775,1,644,1001,513,'0000-00-00 00:00:00','0000-00-00 00:00:00','0000-00-00 00:00:00','0000-00-00 00:00:00',0),(2,212,NULL,'errors.js',169942,176,1024,9223372036854775807,1,644,1001,513,'0000-00-00 00:00:00','0000-00-00 00:00:00','0000-00-00 00:00:00','0000-00-00 00:00:00',0),(2,212,NULL,'field_flags.js',1066,16,1024,9223372036854775807,1,644,1001,513,'0000-00-00 00:00:00','0000-00-00 00:00:00','0000-00-00 00:00:00','0000-00-00 00:00:00',0),(2,212,NULL,'server_status.js',1449,16,1024,9223372036854775807,1,644,1001,513,'0000-00-00 00:00:00','0000-00-00 00:00:00','0000-00-00 00:00:00','0000-00-00 00:00:00',0),(2,212,NULL,'ssl_profiles.js',24445,32,1024,9223372036854775807,1,644,1001,513,'0000-00-00 00:00:00','0000-00-00 00:00:00','0000-00-00 00:00:00','0000-00-00 00:00:00',0),(2,212,NULL,'types.js',1801,16,1024,9223372036854775807,1,644,1001,513,'0000-00-00 00:00:00','0000-00-00 00:00:00','0000-00-00 00:00:00','0000-00-00 00:00:00',0),(2,213,NULL,'ClientAuthenticationPacket.js',2034,16,1024,9223372036854775807,1,644,1001,513,'0000-00-00 00:00:00','0000-00-00 00:00:00','0000-00-00 00:00:00','0000-00-00 00:00:00',0),(2,213,NULL,'ComChangeUserPacket.js',960,16,1024,9223372036854775807,1,644,1001,513,'0000-00-00 00:00:00','0000-00-00 00:00:00','0000-00-00 00:00:00','0000-00-00 00:00:00',0),(2,213,NULL,'ComPingPacket.js',292,16,1024,7387883392804541989,1,644,1001,513,'0000-00-00 00:00:00','0000-00-00 00:00:00','0000-00-00 00:00:00','0000-00-00 00:00:00',0),(2,213,NULL,'ComQueryPacket.js',405,16,1024,9223372036854775807,1,644,1001,513,'0000-00-00 00:00:00','0000-00-00 00:00:00','0000-00-00 00:00:00','0000-00-00 00:00:00',0),(2,213,NULL,'ComQuitPacket.js',304,16,1024,9223372036854775807,1,644,1001,513,'0000-00-00 00:00:00','0000-00-00 00:00:00','0000-00-00 00:00:00','0000-00-00 00:00:00',0),(2,213,NULL,'ComStatisticsPacket.js',316,16,1024,5562594540696070452,1,644,1001,513,'0000-00-00 00:00:00','0000-00-00 00:00:00','0000-00-00 00:00:00','0000-00-00 00:00:00',0),(2,213,NULL,'EmptyPacket.js',110,16,1024,5519739286082953099,1,644,1001,513,'0000-00-00 00:00:00','0000-00-00 00:00:00','0000-00-00 00:00:00','0000-00-00 00:00:00',0),(2,213,NULL,'EofPacket.js',721,16,1024,5535756094662749788,1,644,1001,513,'0000-00-00 00:00:00','0000-00-00 00:00:00','0000-00-00 00:00:00','0000-00-00 00:00:00',0),(2,213,NULL,'ErrorPacket.js',1007,16,1024,5461909815938941648,1,644,1001,513,'0000-00-00 00:00:00','0000-00-00 00:00:00','0000-00-00 00:00:00','0000-00-00 00:00:00',0),(2,213,NULL,'Field.js',770,16,1024,118027886632916710,1,644,1001,513,'0000-00-00 00:00:00','0000-00-00 00:00:00','0000-00-00 00:00:00','0000-00-00 00:00:00',0),(2,213,NULL,'FieldPacket.js',3264,16,1024,9223372036854775807,1,644,1001,513,'0000-00-00 00:00:00','0000-00-00 00:00:00','0000-00-00 00:00:00','0000-00-00 00:00:00',0),(2,213,NULL,'HandshakeInitializationPacket.js',3901,16,1024,9223372036854775807,1,644,1001,513,'0000-00-00 00:00:00','0000-00-00 00:00:00','0000-00-00 00:00:00','0000-00-00 00:00:00',0),(2,213,NULL,'index.js',1140,16,1024,9223372036854775807,1,644,1001,513,'0000-00-00 00:00:00','0000-00-00 00:00:00','0000-00-00 00:00:00','0000-00-00 00:00:00',0),(2,213,NULL,'LocalDataFilePacket.js',319,16,1024,8035860467321800679,1,644,1001,513,'0000-00-00 00:00:00','0000-00-00 00:00:00','0000-00-00 00:00:00','0000-00-00 00:00:00',0),(2,213,NULL,'OkPacket.js',1267,16,1024,9223372036854775807,1,644,1001,513,'0000-00-00 00:00:00','0000-00-00 00:00:00','0000-00-00 00:00:00','0000-00-00 00:00:00',0),(2,213,NULL,'OldPasswordPacket.js',390,16,1024,3758192142082951222,1,644,1001,513,'0000-00-00 00:00:00','0000-00-00 00:00:00','0000-00-00 00:00:00','0000-00-00 00:00:00',0),(2,213,NULL,'ResultSetHeaderPacket.js',669,16,1024,9211313282866373414,1,644,1001,513,'0000-00-00 00:00:00','0000-00-00 00:00:00','0000-00-00 00:00:00','0000-00-00 00:00:00',0),(2,213,NULL,'RowDataPacket.js',4135,16,1024,4440784912946155604,1,644,1001,513,'0000-00-00 00:00:00','0000-00-00 00:00:00','0000-00-00 00:00:00','0000-00-00 00:00:00',0),(2,213,NULL,'SSLRequestPacket.js',983,16,1024,9223372036854775807,1,644,1001,513,'0000-00-00 00:00:00','0000-00-00 00:00:00','0000-00-00 00:00:00','0000-00-00 00:00:00',0),(2,213,NULL,'StatisticsPacket.js',544,16,1024,8098169472898069731,1,644,1001,513,'0000-00-00 00:00:00','0000-00-00 00:00:00','0000-00-00 00:00:00','0000-00-00 00:00:00',0),(2,213,NULL,'UseOldPasswordPacket.js',379,16,1024,2139921173355700779,1,644,1001,513,'0000-00-00 00:00:00','0000-00-00 00:00:00','0000-00-00 00:00:00','0000-00-00 00:00:00',0),(2,214,NULL,'ChangeUser.js',1304,16,1024,9223372036854775807,1,644,1001,513,'0000-00-00 00:00:00','0000-00-00 00:00:00','0000-00-00 00:00:00','0000-00-00 00:00:00',0),(2,214,NULL,'Handshake.js',3132,16,1024,279146673475064002,1,644,1001,513,'0000-00-00 00:00:00','0000-00-00 00:00:00','0000-00-00 00:00:00','0000-00-00 00:00:00',0),(2,214,NULL,'index.js',282,16,1024,5714422288966280519,1,644,1001,513,'0000-00-00 00:00:00','0000-00-00 00:00:00','0000-00-00 00:00:00','0000-00-00 00:00:00',0),(2,214,NULL,'Ping.js',434,16,1024,9223372036854775807,1,644,1001,513,'0000-00-00 00:00:00','0000-00-00 00:00:00','0000-00-00 00:00:00','0000-00-00 00:00:00',0),(2,214,NULL,'Query.js',5620,16,1024,4648678809344081361,1,644,1001,513,'0000-00-00 00:00:00','0000-00-00 00:00:00','0000-00-00 00:00:00','0000-00-00 00:00:00',0),(2,214,NULL,'Quit.js',433,16,1024,4885560753346202822,1,644,1001,513,'0000-00-00 00:00:00','0000-00-00 00:00:00','0000-00-00 00:00:00','0000-00-00 00:00:00',0),(2,214,NULL,'Sequence.js',3270,16,1024,8727298935036772692,1,644,1001,513,'0000-00-00 00:00:00','0000-00-00 00:00:00','0000-00-00 00:00:00','0000-00-00 00:00:00',0),(2,214,NULL,'Statistics.js',719,16,1024,6833629510158997810,1,644,1001,513,'0000-00-00 00:00:00','0000-00-00 00:00:00','0000-00-00 00:00:00','0000-00-00 00:00:00',0),(2,215,NULL,'CHANGELOG.md',16766,32,1024,9223372036854775807,1,644,1001,513,'0000-00-00 00:00:00','0000-00-00 00:00:00','0000-00-00 00:00:00','0000-00-00 00:00:00',0),(2,215,NULL,'include_dirs.js',55,16,1024,3803096520608548670,1,644,1001,513,'0000-00-00 00:00:00','0000-00-00 00:00:00','0000-00-00 00:00:00','0000-00-00 00:00:00',0),(2,215,NULL,'LICENSE.md',1216,16,1024,8688714389232735424,1,644,1001,513,'0000-00-00 00:00:00','0000-00-00 00:00:00','0000-00-00 00:00:00','0000-00-00 00:00:00',0),(2,215,NULL,'nan.h',67632,80,1024,6572387466417100057,1,644,1001,513,'0000-00-00 00:00:00','0000-00-00 00:00:00','0000-00-00 00:00:00','0000-00-00 00:00:00',0),(2,215,NULL,'nan_callbacks.h',3089,16,1024,9223372036854775807,1,644,1001,513,'0000-00-00 00:00:00','0000-00-00 00:00:00','0000-00-00 00:00:00','0000-00-00 00:00:00',0),(2,215,NULL,'nan_callbacks_12_inl.h',17501,32,1024,7535662951046682740,1,644,1001,513,'0000-00-00 00:00:00','0000-00-00 00:00:00','0000-00-00 00:00:00','0000-00-00 00:00:00',0),(2,215,NULL,'nan_callbacks_pre_12_inl.h',16889,32,1024,6908455592227738576,1,644,1001,513,'0000-00-00 00:00:00','0000-00-00 00:00:00','0000-00-00 00:00:00','0000-00-00 00:00:00',0),(2,215,NULL,'nan_converters.h',1825,16,1024,2262804474905796301,1,644,1001,513,'0000-00-00 00:00:00','0000-00-00 00:00:00','0000-00-00 00:00:00','0000-00-00 00:00:00',0),(2,215,NULL,'nan_converters_43_inl.h',1242,16,1024,9223372036854775807,1,644,1001,513,'0000-00-00 00:00:00','0000-00-00 00:00:00','0000-00-00 00:00:00','0000-00-00 00:00:00',0),(2,215,NULL,'nan_converters_pre_43_inl.h',1254,16,1024,2080105374496146697,1,644,1001,513,'0000-00-00 00:00:00','0000-00-00 00:00:00','0000-00-00 00:00:00','0000-00-00 00:00:00',0),(2,215,NULL,'nan_implementation_12_inl.h',14096,16,1024,9223372036854775807,1,644,1001,513,'0000-00-00 00:00:00','0000-00-00 00:00:00','0000-00-00 00:00:00','0000-00-00 00:00:00',0),(2,215,NULL,'nan_implementation_pre_12_inl.h',8308,16,1024,9223372036854775807,1,644,1001,513,'0000-00-00 00:00:00','0000-00-00 00:00:00','0000-00-00 00:00:00','0000-00-00 00:00:00',0),(2,215,NULL,'nan_maybe_43_inl.h',6600,16,1024,8685034862754158488,1,644,1001,513,'0000-00-00 00:00:00','0000-00-00 00:00:00','0000-00-00 00:00:00','0000-00-00 00:00:00',0),(2,215,NULL,'nan_maybe_pre_43_inl.h',7744,16,1024,8518553622429117684,1,644,1001,513,'0000-00-00 00:00:00','0000-00-00 00:00:00','0000-00-00 00:00:00','0000-00-00 00:00:00',0),(2,215,NULL,'nan_new.h',8786,16,1024,225779686209881882,1,644,1001,513,'0000-00-00 00:00:00','0000-00-00 00:00:00','0000-00-00 00:00:00','0000-00-00 00:00:00',0),(2,215,NULL,'nan_object_wrap.h',4097,16,1024,4799454277933021604,1,644,1001,513,'0000-00-00 00:00:00','0000-00-00 00:00:00','0000-00-00 00:00:00','0000-00-00 00:00:00',0),(2,215,NULL,'nan_persistent_12_inl.h',3780,16,1024,4336683197635592779,1,644,1001,513,'0000-00-00 00:00:00','0000-00-00 00:00:00','0000-00-00 00:00:00','0000-00-00 00:00:00',0),(2,215,NULL,'nan_persistent_pre_12_inl.h',6070,16,1024,9223372036854775807,1,644,1001,513,'0000-00-00 00:00:00','0000-00-00 00:00:00','0000-00-00 00:00:00','0000-00-00 00:00:00',0),(2,215,NULL,'nan_string_bytes.h',8102,16,1024,2060354389755996567,1,644,1001,513,'0000-00-00 00:00:00','0000-00-00 00:00:00','0000-00-00 00:00:00','0000-00-00 00:00:00',0),(2,215,NULL,'nan_typedarray_contents.h',2825,16,1024,9223372036854775807,1,644,1001,513,'0000-00-00 00:00:00','0000-00-00 00:00:00','0000-00-00 00:00:00','0000-00-00 00:00:00',0),(2,215,NULL,'nan_weak.h',14998,16,1024,6588591753370596786,1,644,1001,513,'0000-00-00 00:00:00','0000-00-00 00:00:00','0000-00-00 00:00:00','0000-00-00 00:00:00',0),(2,215,NULL,'package.json',3231,16,1024,9223372036854775807,1,644,1001,513,'0000-00-00 00:00:00','0000-00-00 00:00:00','0000-00-00 00:00:00','0000-00-00 00:00:00',0),(2,215,NULL,'README.md',25622,32,1024,4695524187863618779,1,644,1001,513,'0000-00-00 00:00:00','0000-00-00 00:00:00','0000-00-00 00:00:00','0000-00-00 00:00:00',0),(2,216,NULL,'asyncworker.md',3216,16,1024,2251378312506936427,1,644,1001,513,'0000-00-00 00:00:00','0000-00-00 00:00:00','0000-00-00 00:00:00','0000-00-00 00:00:00',0),(2,216,NULL,'buffers.md',2121,16,1024,1916921620989362354,1,644,1001,513,'0000-00-00 00:00:00','0000-00-00 00:00:00','0000-00-00 00:00:00','0000-00-00 00:00:00',0),(2,216,NULL,'callback.md',1513,16,1024,6270306262640214432,1,644,1001,513,'0000-00-00 00:00:00','0000-00-00 00:00:00','0000-00-00 00:00:00','0000-00-00 00:00:00',0),(2,216,NULL,'converters.md',1950,16,1024,9223372036854775807,1,644,1001,513,'0000-00-00 00:00:00','0000-00-00 00:00:00','0000-00-00 00:00:00','0000-00-00 00:00:00',0),(2,216,NULL,'errors.md',7404,16,1024,9223372036854775807,1,644,1001,513,'0000-00-00 00:00:00','0000-00-00 00:00:00','0000-00-00 00:00:00','0000-00-00 00:00:00',0),(2,216,NULL,'maybe_types.md',19251,32,1024,9223372036854775807,1,644,1001,513,'0000-00-00 00:00:00','0000-00-00 00:00:00','0000-00-00 00:00:00','0000-00-00 00:00:00',0),(2,216,NULL,'methods.md',27016,32,1024,9223372036854775807,1,644,1001,513,'0000-00-00 00:00:00','0000-00-00 00:00:00','0000-00-00 00:00:00','0000-00-00 00:00:00',0),(2,216,NULL,'new.md',4859,16,1024,9223372036854775807,1,644,1001,513,'0000-00-00 00:00:00','0000-00-00 00:00:00','0000-00-00 00:00:00','0000-00-00 00:00:00',0),(2,216,NULL,'node_misc.md',2240,16,1024,2921189286816694108,1,644,1001,513,'0000-00-00 00:00:00','0000-00-00 00:00:00','0000-00-00 00:00:00','0000-00-00 00:00:00',0),(2,216,NULL,'object_wrappers.md',8194,16,1024,6040879723137438789,1,644,1001,513,'0000-00-00 00:00:00','0000-00-00 00:00:00','0000-00-00 00:00:00','0000-00-00 00:00:00',0),(2,216,NULL,'persistent.md',10837,16,1024,9223372036854775807,1,644,1001,513,'0000-00-00 00:00:00','0000-00-00 00:00:00','0000-00-00 00:00:00','0000-00-00 00:00:00',0),(2,216,NULL,'scopes.md',2327,16,1024,5116634545014156390,1,644,1001,513,'0000-00-00 00:00:00','0000-00-00 00:00:00','0000-00-00 00:00:00','0000-00-00 00:00:00',0),(2,216,NULL,'script.md',1279,16,1024,3067681071753114874,1,644,1001,513,'0000-00-00 00:00:00','0000-00-00 00:00:00','0000-00-00 00:00:00','0000-00-00 00:00:00',0),(2,216,NULL,'string_bytes.md',1900,16,1024,9223372036854775807,1,644,1001,513,'0000-00-00 00:00:00','0000-00-00 00:00:00','0000-00-00 00:00:00','0000-00-00 00:00:00',0),(2,216,NULL,'v8_internals.md',7384,16,1024,794234549388527948,1,644,1001,513,'0000-00-00 00:00:00','0000-00-00 00:00:00','0000-00-00 00:00:00','0000-00-00 00:00:00',0),(2,216,NULL,'v8_misc.md',2914,16,1024,6897206974447526076,1,644,1001,513,'0000-00-00 00:00:00','0000-00-00 00:00:00','0000-00-00 00:00:00','0000-00-00 00:00:00',0),(2,217,NULL,'1to2.js',14364,16,1024,9223372036854775807,1,755,1001,513,'0000-00-00 00:00:00','0000-00-00 00:00:00','0000-00-00 00:00:00','0000-00-00 00:00:00',0),(2,217,NULL,'package.json',441,16,1024,5569343833210774541,1,644,1001,513,'0000-00-00 00:00:00','0000-00-00 00:00:00','0000-00-00 00:00:00','0000-00-00 00:00:00',0),(2,217,NULL,'README.md',456,16,1024,9223372036854775807,1,644,1001,513,'0000-00-00 00:00:00','0000-00-00 00:00:00','0000-00-00 00:00:00','0000-00-00 00:00:00',0),(2,218,NULL,'duplex.js',52,16,1024,9223372036854775807,1,644,1001,513,'0000-00-00 00:00:00','0000-00-00 00:00:00','0000-00-00 00:00:00','0000-00-00 00:00:00',0),(2,218,NULL,'float.patch',30691,32,1024,9223372036854775807,1,644,1001,513,'0000-00-00 00:00:00','0000-00-00 00:00:00','0000-00-00 00:00:00','0000-00-00 00:00:00',0),(2,218,NULL,'LICENSE',1096,16,1024,4998759010511203975,1,644,1001,513,'0000-00-00 00:00:00','0000-00-00 00:00:00','0000-00-00 00:00:00','0000-00-00 00:00:00',0),(2,218,NULL,'package.json',2853,16,1024,9223372036854775807,1,644,1001,513,'0000-00-00 00:00:00','0000-00-00 00:00:00','0000-00-00 00:00:00','0000-00-00 00:00:00',0),(2,218,NULL,'passthrough.js',57,16,1024,9223372036854775807,1,644,1001,513,'0000-00-00 00:00:00','0000-00-00 00:00:00','0000-00-00 00:00:00','0000-00-00 00:00:00',0),(2,218,NULL,'readable.js',470,16,1024,6349191662347454541,1,644,1001,513,'0000-00-00 00:00:00','0000-00-00 00:00:00','0000-00-00 00:00:00','0000-00-00 00:00:00',0),(2,218,NULL,'README.md',1304,16,1024,9223372036854775807,1,644,1001,513,'0000-00-00 00:00:00','0000-00-00 00:00:00','0000-00-00 00:00:00','0000-00-00 00:00:00',0),(2,218,NULL,'transform.js',55,16,1024,3954253059609284453,1,644,1001,513,'0000-00-00 00:00:00','0000-00-00 00:00:00','0000-00-00 00:00:00','0000-00-00 00:00:00',0),(2,218,NULL,'writable.js',54,16,1024,724342984143041789,1,644,1001,513,'0000-00-00 00:00:00','0000-00-00 00:00:00','0000-00-00 00:00:00','0000-00-00 00:00:00',0),(2,219,NULL,'_stream_duplex.js',2811,16,1024,166639335823029062,1,644,1001,513,'0000-00-00 00:00:00','0000-00-00 00:00:00','0000-00-00 00:00:00','0000-00-00 00:00:00',0),(2,219,NULL,'_stream_passthrough.js',1727,16,1024,5146848083379434516,1,644,1001,513,'0000-00-00 00:00:00','0000-00-00 00:00:00','0000-00-00 00:00:00','0000-00-00 00:00:00',0),(2,219,NULL,'_stream_readable.js',25959,32,1024,9223372036854775807,1,644,1001,513,'0000-00-00 00:00:00','0000-00-00 00:00:00','0000-00-00 00:00:00','0000-00-00 00:00:00',0),(2,219,NULL,'_stream_transform.js',7350,16,1024,9223372036854775807,1,644,1001,513,'0000-00-00 00:00:00','0000-00-00 00:00:00','0000-00-00 00:00:00','0000-00-00 00:00:00',0),(2,219,NULL,'_stream_writable.js',13069,16,1024,9223372036854775807,1,644,1001,513,'0000-00-00 00:00:00','0000-00-00 00:00:00','0000-00-00 00:00:00','0000-00-00 00:00:00',0),(2,220,NULL,'appveyor.yml',824,16,1024,9223372036854775807,1,644,1001,513,'0000-00-00 00:00:00','0000-00-00 00:00:00','0000-00-00 00:00:00','0000-00-00 00:00:00',0),(2,220,NULL,'History.md',1094,16,1024,9223372036854775807,1,644,1001,513,'0000-00-00 00:00:00','0000-00-00 00:00:00','0000-00-00 00:00:00','0000-00-00 00:00:00',0),(2,220,NULL,'package.json',2361,16,1024,9223372036854775807,1,644,1001,513,'0000-00-00 00:00:00','0000-00-00 00:00:00','0000-00-00 00:00:00','0000-00-00 00:00:00',0),(2,220,NULL,'README.md',2961,16,1024,6219946792859288063,1,644,1001,513,'0000-00-00 00:00:00','0000-00-00 00:00:00','0000-00-00 00:00:00','0000-00-00 00:00:00',0),(2,221,NULL,'array.js',8795,16,1024,9223372036854775807,1,644,1001,513,'0000-00-00 00:00:00','0000-00-00 00:00:00','0000-00-00 00:00:00','0000-00-00 00:00:00',0),(2,222,NULL,'array.js',5284,16,1024,9223372036854775807,1,644,1001,513,'0000-00-00 00:00:00','0000-00-00 00:00:00','0000-00-00 00:00:00','0000-00-00 00:00:00',0),(2,222,NULL,'binding.gyp',186,16,1024,1695260215555394595,1,644,1001,513,'0000-00-00 00:00:00','0000-00-00 00:00:00','0000-00-00 00:00:00','0000-00-00 00:00:00',0),(2,222,NULL,'native_tests.cc',218,16,1024,9223372036854775807,1,644,1001,513,'0000-00-00 00:00:00','0000-00-00 00:00:00','0000-00-00 00:00:00','0000-00-00 00:00:00',0),(2,223,NULL,'HISTORY.md',551,16,1024,9223372036854775807,1,644,1001,513,'0000-00-00 00:00:00','0000-00-00 00:00:00','0000-00-00 00:00:00','0000-00-00 00:00:00',0),(2,223,NULL,'index.js',45,16,1024,9223372036854775807,1,644,1001,513,'0000-00-00 00:00:00','0000-00-00 00:00:00','0000-00-00 00:00:00','0000-00-00 00:00:00',0),(2,223,NULL,'LICENSE',1118,16,1024,9223372036854775807,1,644,1001,513,'0000-00-00 00:00:00','0000-00-00 00:00:00','0000-00-00 00:00:00','0000-00-00 00:00:00',0),(2,223,NULL,'package.json',3165,16,1024,2461786125537406184,1,644,1001,513,'0000-00-00 00:00:00','0000-00-00 00:00:00','0000-00-00 00:00:00','0000-00-00 00:00:00',0),(2,223,NULL,'README.md',5794,16,1024,5833281826868289535,1,644,1001,513,'0000-00-00 00:00:00','0000-00-00 00:00:00','0000-00-00 00:00:00','0000-00-00 00:00:00',0),(2,224,NULL,'SqlString.js',5291,16,1024,9223372036854775807,1,644,1001,513,'0000-00-00 00:00:00','0000-00-00 00:00:00','0000-00-00 00:00:00','0000-00-00 00:00:00',0),(2,225,NULL,'index.js',7796,16,1024,6885328217113468432,1,644,1001,513,'0000-00-00 00:00:00','0000-00-00 00:00:00','0000-00-00 00:00:00','0000-00-00 00:00:00',0),(2,225,NULL,'LICENSE',1076,16,1024,9223372036854775807,1,644,1001,513,'0000-00-00 00:00:00','0000-00-00 00:00:00','0000-00-00 00:00:00','0000-00-00 00:00:00',0),(2,225,NULL,'package.json',2254,16,1024,9223372036854775807,1,644,1001,513,'0000-00-00 00:00:00','0000-00-00 00:00:00','0000-00-00 00:00:00','0000-00-00 00:00:00',0),(2,225,NULL,'README.md',498,16,1024,9223372036854775807,1,644,1001,513,'0000-00-00 00:00:00','0000-00-00 00:00:00','0000-00-00 00:00:00','0000-00-00 00:00:00',0),(2,226,NULL,'Cygwin.bat',107,16,1024,4878347860209965853,1,644,1001,513,'0000-00-00 00:00:00','0000-00-00 00:00:00','0000-00-00 00:00:00','0000-00-00 00:00:00',0),(2,226,NULL,'Cygwin.bat~',59,16,1024,625091200248556705,1,644,1001,513,'0000-00-00 00:00:00','0000-00-00 00:00:00','0000-00-00 00:00:00','0000-00-00 00:00:00',0),(2,226,NULL,'LoadDir.sh',463,16,1024,8866217070400769319,1,644,1001,513,'0000-00-00 00:00:00','0000-00-00 00:00:00','0000-00-00 00:00:00','0000-00-00 00:00:00',0),(2,226,NULL,'LoadDir.sh~',460,16,1024,7579701231613656343,1,644,1001,513,'0000-00-00 00:00:00','0000-00-00 00:00:00','0000-00-00 00:00:00','0000-00-00 00:00:00',0),(2,226,NULL,'MSys.bat',111,16,1024,250793566163913522,1,644,1001,513,'0000-00-00 00:00:00','0000-00-00 00:00:00','0000-00-00 00:00:00','0000-00-00 00:00:00',0),(2,226,NULL,'MSys.bat~',105,16,1024,9223372036854775807,1,644,1001,513,'0000-00-00 00:00:00','0000-00-00 00:00:00','0000-00-00 00:00:00','0000-00-00 00:00:00',0),(2,226,NULL,'ScanTree.sh',16,16,1024,9223372036854775807,1,644,1001,513,'0000-00-00 00:00:00','0000-00-00 00:00:00','0000-00-00 00:00:00','0000-00-00 00:00:00',0),(2,227,NULL,'ADATA832G.sql',11394,16,1024,5026323566361004918,1,644,1001,513,'0000-00-00 00:00:00','0000-00-00 00:00:00','0000-00-00 00:00:00','0000-00-00 00:00:00',0),(2,227,NULL,'PK22G.sql',202228,208,1024,9223372036854775807,1,644,1001,513,'0000-00-00 00:00:00','0000-00-00 00:00:00','0000-00-00 00:00:00','0000-00-00 00:00:00',0),(2,228,NULL,'file.txt',126,16,1024,9223372036854775807,1,644,1001,513,'0000-00-00 00:00:00','0000-00-00 00:00:00','0000-00-00 00:00:00','0000-00-00 00:00:00',0),(2,228,NULL,'FileInv.sql',1763,16,1024,2932823337538174582,1,644,1001,513,'0000-00-00 00:00:00','0000-00-00 00:00:00','0000-00-00 00:00:00','0000-00-00 00:00:00',0),(2,228,NULL,'FileInv.sql~',1762,16,1024,9184174449800601480,1,644,1001,513,'0000-00-00 00:00:00','0000-00-00 00:00:00','0000-00-00 00:00:00','0000-00-00 00:00:00',0),(2,228,NULL,'fl.txt',148,16,1024,9223372036854775807,1,644,1001,513,'0000-00-00 00:00:00','0000-00-00 00:00:00','0000-00-00 00:00:00','0000-00-00 00:00:00',0),(2,228,NULL,'HSK.txt',403,16,1024,9223372036854775807,1,644,1001,513,'0000-00-00 00:00:00','0000-00-00 00:00:00','0000-00-00 00:00:00','0000-00-00 00:00:00',0),(2,228,NULL,'mysqldump.sql',5131,16,1024,9223372036854775807,1,644,1001,513,'0000-00-00 00:00:00','0000-00-00 00:00:00','0000-00-00 00:00:00','0000-00-00 00:00:00',0),(2,228,NULL,'stat.txt',413,16,1024,9223372036854775807,1,644,1001,513,'0000-00-00 00:00:00','0000-00-00 00:00:00','0000-00-00 00:00:00','0000-00-00 00:00:00',0),(2,229,NULL,'MkWordItems.sql',1009,16,1024,8397878049752854365,1,644,1001,513,'0000-00-00 00:00:00','0000-00-00 00:00:00','0000-00-00 00:00:00','0000-00-00 00:00:00',0),(2,229,NULL,'Org.sql',100639,112,1024,8963056776347661577,1,644,1001,513,'0000-00-00 00:00:00','0000-00-00 00:00:00','0000-00-00 00:00:00','0000-00-00 00:00:00',0),(2,230,NULL,'HSK.db',65536,64,1024,9223372036854775807,1,644,1001,513,'0000-00-00 00:00:00','0000-00-00 00:00:00','0000-00-00 00:00:00','0000-00-00 00:00:00',0),(2,230,NULL,'HSK.log',44,16,1024,9223372036854775807,1,644,1001,513,'0000-00-00 00:00:00','0000-00-00 00:00:00','0000-00-00 00:00:00','0000-00-00 00:00:00',0),(2,230,NULL,'MkWordItems.sql',1009,16,1024,9223372036854775807,1,644,1001,513,'0000-00-00 00:00:00','0000-00-00 00:00:00','0000-00-00 00:00:00','0000-00-00 00:00:00',0),(2,230,NULL,'Org.sql',100639,112,1024,9223372036854775807,1,644,1001,513,'0000-00-00 00:00:00','0000-00-00 00:00:00','0000-00-00 00:00:00','0000-00-00 00:00:00',0),(2,231,NULL,'DbTest.js',508,16,1024,9223372036854775807,1,644,1001,513,'0000-00-00 00:00:00','0000-00-00 00:00:00','0000-00-00 00:00:00','0000-00-00 00:00:00',0),(2,231,NULL,'Factures.js',1611,16,1024,9223372036854775807,1,644,1001,513,'0000-00-00 00:00:00','0000-00-00 00:00:00','0000-00-00 00:00:00','0000-00-00 00:00:00',0),(2,231,NULL,'HttpDateTime.js',618,16,1024,9223372036854775807,1,644,1001,513,'0000-00-00 00:00:00','0000-00-00 00:00:00','0000-00-00 00:00:00','0000-00-00 00:00:00',0),(2,231,NULL,'HttpDbTest.js',666,16,1024,2838629312008759276,1,644,1001,513,'0000-00-00 00:00:00','0000-00-00 00:00:00','0000-00-00 00:00:00','0000-00-00 00:00:00',0),(2,231,NULL,'HttpServ.js',354,16,1024,5177604636397687526,1,644,1001,513,'0000-00-00 00:00:00','0000-00-00 00:00:00','0000-00-00 00:00:00','0000-00-00 00:00:00',0),(2,231,NULL,'MkFact.sql',521,16,1024,9223372036854775807,1,644,1001,513,'0000-00-00 00:00:00','0000-00-00 00:00:00','0000-00-00 00:00:00','0000-00-00 00:00:00',0),(2,231,NULL,'MkFact.sql .txt',491,16,1024,9223372036854775807,1,644,1001,513,'0000-00-00 00:00:00','0000-00-00 00:00:00','0000-00-00 00:00:00','0000-00-00 00:00:00',0),(2,231,NULL,'PreExam.txt',784,16,1024,7408756827559915633,1,644,1001,513,'0000-00-00 00:00:00','0000-00-00 00:00:00','0000-00-00 00:00:00','0000-00-00 00:00:00',0),(2,231,NULL,'readtxt.js',486,16,1024,9223372036854775807,1,644,1001,513,'0000-00-00 00:00:00','0000-00-00 00:00:00','0000-00-00 00:00:00','0000-00-00 00:00:00',0),(2,231,NULL,'Serveur.js',1558,16,1024,63599560975809598,1,644,1001,513,'0000-00-00 00:00:00','0000-00-00 00:00:00','0000-00-00 00:00:00','0000-00-00 00:00:00',0),(2,232,NULL,'Cygwin.bat',104,16,1024,3918613328109963746,1,644,1001,513,'0000-00-00 00:00:00','0000-00-00 00:00:00','0000-00-00 00:00:00','0000-00-00 00:00:00',0),(2,232,NULL,'LoadDir.sh',604,16,1024,7906482538300767212,1,755,1001,513,'0000-00-00 00:00:00','0000-00-00 00:00:00','0000-00-00 00:00:00','0000-00-00 00:00:00',0),(2,232,NULL,'MSys.bat',111,16,1024,413869755472972919,1,644,1001,513,'0000-00-00 00:00:00','0000-00-00 00:00:00','0000-00-00 00:00:00','0000-00-00 00:00:00',0),(2,232,NULL,'ScanTree.sh',144,16,1024,9223372036854775807,1,644,1001,513,'0000-00-00 00:00:00','0000-00-00 00:00:00','0000-00-00 00:00:00','0000-00-00 00:00:00',0),(2,232,NULL,'ScanTree.sh.bak',16,16,1024,4187578038685742262,1,644,1001,513,'0000-00-00 00:00:00','0000-00-00 00:00:00','0000-00-00 00:00:00','0000-00-00 00:00:00',0),(2,232,NULL,'TestScanTree.sh',121,16,1024,8561261169952961318,1,644,1001,513,'0000-00-00 00:00:00','0000-00-00 00:00:00','0000-00-00 00:00:00','0000-00-00 00:00:00',0),(2,234,NULL,'main.cpp',419,16,1024,3331557066154337950,1,644,1001,513,'0000-00-00 00:00:00','0000-00-00 00:00:00','0000-00-00 00:00:00','0000-00-00 00:00:00',0),(2,234,NULL,'Makefile',7100,16,1024,6617254408880111610,1,644,1001,513,'0000-00-00 00:00:00','0000-00-00 00:00:00','0000-00-00 00:00:00','0000-00-00 00:00:00',0),(2,234,NULL,'Makefile.Debug',5510,16,1024,1064380030751880831,1,644,1001,513,'0000-00-00 00:00:00','0000-00-00 00:00:00','0000-00-00 00:00:00','0000-00-00 00:00:00',0),(2,234,NULL,'Makefile.Release',5556,16,1024,9223372036854775807,1,644,1001,513,'0000-00-00 00:00:00','0000-00-00 00:00:00','0000-00-00 00:00:00','0000-00-00 00:00:00',0),(2,234,NULL,'Volume.pro',308,16,1024,7454475079180003945,1,644,1001,513,'0000-00-00 00:00:00','0000-00-00 00:00:00','0000-00-00 00:00:00','0000-00-00 00:00:00',0),(2,234,NULL,'Volume.pro.user',14515,16,1024,9223372036854775807,1,644,1001,513,'0000-00-00 00:00:00','0000-00-00 00:00:00','0000-00-00 00:00:00','0000-00-00 00:00:00',0),(2,235,NULL,'config',130,16,1024,9223372036854775807,1,644,1001,513,'0000-00-00 00:00:00','0000-00-00 00:00:00','0000-00-00 00:00:00','0000-00-00 00:00:00',0),(2,235,NULL,'description',73,16,1024,8680717987329851508,1,644,1001,513,'0000-00-00 00:00:00','0000-00-00 00:00:00','0000-00-00 00:00:00','0000-00-00 00:00:00',0),(2,235,NULL,'HEAD',23,16,1024,9223372036854775807,1,644,1001,513,'0000-00-00 00:00:00','0000-00-00 00:00:00','0000-00-00 00:00:00','0000-00-00 00:00:00',0),(2,236,NULL,'applypatch-msg.sample',478,16,1024,6719653826897807478,1,755,1001,513,'0000-00-00 00:00:00','0000-00-00 00:00:00','0000-00-00 00:00:00','0000-00-00 00:00:00',0),(2,236,NULL,'commit-msg.sample',896,16,1024,2322947871363183865,1,755,1001,513,'0000-00-00 00:00:00','0000-00-00 00:00:00','0000-00-00 00:00:00','0000-00-00 00:00:00',0),(2,236,NULL,'post-update.sample',189,16,1024,9223372036854775807,1,755,1001,513,'0000-00-00 00:00:00','0000-00-00 00:00:00','0000-00-00 00:00:00','0000-00-00 00:00:00',0),(2,236,NULL,'pre-applypatch.sample',424,16,1024,9223372036854775807,1,755,1001,513,'0000-00-00 00:00:00','0000-00-00 00:00:00','0000-00-00 00:00:00','0000-00-00 00:00:00',0),(2,236,NULL,'pre-commit.sample',1642,16,1024,1622114743111831395,1,755,1001,513,'0000-00-00 00:00:00','0000-00-00 00:00:00','0000-00-00 00:00:00','0000-00-00 00:00:00',0),(2,236,NULL,'prepare-commit-msg.sample',1239,16,1024,6341334688783754803,1,755,1001,513,'0000-00-00 00:00:00','0000-00-00 00:00:00','0000-00-00 00:00:00','0000-00-00 00:00:00',0),(2,236,NULL,'pre-push.sample',1348,16,1024,2364338927295418816,1,755,1001,513,'0000-00-00 00:00:00','0000-00-00 00:00:00','0000-00-00 00:00:00','0000-00-00 00:00:00',0),(2,236,NULL,'pre-rebase.sample',4951,16,1024,9223372036854775807,1,755,1001,513,'0000-00-00 00:00:00','0000-00-00 00:00:00','0000-00-00 00:00:00','0000-00-00 00:00:00',0),(2,236,NULL,'pre-receive.sample',544,16,1024,2739098974662032435,1,755,1001,513,'0000-00-00 00:00:00','0000-00-00 00:00:00','0000-00-00 00:00:00','0000-00-00 00:00:00',0),(2,236,NULL,'update.sample',3610,16,1024,9223372036854775807,1,755,1001,513,'0000-00-00 00:00:00','0000-00-00 00:00:00','0000-00-00 00:00:00','0000-00-00 00:00:00',0),(2,237,NULL,'exclude',240,16,1024,9223372036854775807,1,644,1001,513,'0000-00-00 00:00:00','0000-00-00 00:00:00','0000-00-00 00:00:00','0000-00-00 00:00:00',0),(2,246,NULL,'ALTER1112.txt',106,16,1024,2631453340697013028,1,644,1001,513,'0000-00-00 00:00:00','0000-00-00 00:00:00','0000-00-00 00:00:00','0000-00-00 00:00:00',0),(2,246,NULL,'ALTER1121.txt',137,16,1024,9223372036854775807,1,644,1001,513,'0000-00-00 00:00:00','0000-00-00 00:00:00','0000-00-00 00:00:00','0000-00-00 00:00:00',0),(2,247,NULL,'MkWordItems.sql',981,16,1024,9223372036854775807,1,644,1001,513,'0000-00-00 00:00:00','0000-00-00 00:00:00','0000-00-00 00:00:00','0000-00-00 00:00:00',0),(2,247,NULL,'Org.sql',100031,112,1024,5794678449624868213,1,644,1001,513,'0000-00-00 00:00:00','0000-00-00 00:00:00','0000-00-00 00:00:00','0000-00-00 00:00:00',0),(2,248,NULL,'HSK.db',65536,64,1024,9223372036854775807,1,644,1001,513,'0000-00-00 00:00:00','0000-00-00 00:00:00','0000-00-00 00:00:00','0000-00-00 00:00:00',0),(2,248,NULL,'HSK.log',44,16,1024,9223372036854775807,1,644,1001,513,'0000-00-00 00:00:00','0000-00-00 00:00:00','0000-00-00 00:00:00','0000-00-00 00:00:00',0),(2,248,NULL,'MkWordItems.sql',981,16,1024,796966459762938653,1,644,1001,513,'0000-00-00 00:00:00','0000-00-00 00:00:00','0000-00-00 00:00:00','0000-00-00 00:00:00',0),(2,248,NULL,'Org.sql',100031,112,1024,9223372036854775807,1,644,1001,513,'0000-00-00 00:00:00','0000-00-00 00:00:00','0000-00-00 00:00:00','0000-00-00 00:00:00',0),(2,249,NULL,'arg.js',138,16,1024,9223372036854775807,1,644,1001,513,'0000-00-00 00:00:00','0000-00-00 00:00:00','0000-00-00 00:00:00','0000-00-00 00:00:00',0),(2,249,NULL,'DixProblemes-master.zip',1981,16,1024,1328301562015131580,1,644,1001,513,'0000-00-00 00:00:00','0000-00-00 00:00:00','0000-00-00 00:00:00','0000-00-00 00:00:00',0),(2,249,NULL,'hello.js',257,16,1024,9223372036854775807,1,644,1001,513,'0000-00-00 00:00:00','0000-00-00 00:00:00','0000-00-00 00:00:00','0000-00-00 00:00:00',0),(2,249,NULL,'Javascript.odt',36685,48,1024,9223372036854775807,1,644,1001,513,'0000-00-00 00:00:00','0000-00-00 00:00:00','0000-00-00 00:00:00','0000-00-00 00:00:00',0),(2,249,NULL,'Javascript.zip',23982,32,1024,9223372036854775807,1,644,1001,513,'0000-00-00 00:00:00','0000-00-00 00:00:00','0000-00-00 00:00:00','0000-00-00 00:00:00',0),(2,249,NULL,'pdc.pdf',216739,224,1024,6351099334557008999,1,644,1001,513,'0000-00-00 00:00:00','0000-00-00 00:00:00','0000-00-00 00:00:00','0000-00-00 00:00:00',0),(2,249,NULL,'testvar.js',220,16,1024,2464739977969963534,1,644,1001,513,'0000-00-00 00:00:00','0000-00-00 00:00:00','0000-00-00 00:00:00','0000-00-00 00:00:00',0),(2,250,NULL,'Ex2S1.js',206,16,1024,9223372036854775807,1,644,1001,513,'0000-00-00 00:00:00','0000-00-00 00:00:00','0000-00-00 00:00:00','0000-00-00 00:00:00',0),(2,250,NULL,'Ex2S2.js',379,16,1024,9223372036854775807,1,644,1001,513,'0000-00-00 00:00:00','0000-00-00 00:00:00','0000-00-00 00:00:00','0000-00-00 00:00:00',0),(2,250,NULL,'Ex2S3.js',341,16,1024,9223372036854775807,1,644,1001,513,'0000-00-00 00:00:00','0000-00-00 00:00:00','0000-00-00 00:00:00','0000-00-00 00:00:00',0),(2,250,NULL,'Ex2S5.js',613,16,1024,9223372036854775807,1,644,1001,513,'0000-00-00 00:00:00','0000-00-00 00:00:00','0000-00-00 00:00:00','0000-00-00 00:00:00',0),(2,250,NULL,'Ex2S6.js',737,16,1024,9223372036854775807,1,644,1001,513,'0000-00-00 00:00:00','0000-00-00 00:00:00','0000-00-00 00:00:00','0000-00-00 00:00:00',0),(2,250,NULL,'Lasuite....txt',1147,16,1024,9223372036854775807,1,644,1001,513,'0000-00-00 00:00:00','0000-00-00 00:00:00','0000-00-00 00:00:00','0000-00-00 00:00:00',0),(2,250,NULL,'TP2.txt',460,16,1024,9223372036854775807,1,644,1001,513,'0000-00-00 00:00:00','0000-00-00 00:00:00','0000-00-00 00:00:00','0000-00-00 00:00:00',0),(2,251,NULL,'FileInv.sql',1699,16,1024,2099511466248903881,1,644,1001,513,'0000-00-00 00:00:00','0000-00-00 00:00:00','0000-00-00 00:00:00','0000-00-00 00:00:00',0),(2,251,NULL,'FileInvNotNull.sql',2050,16,1024,9223372036854775807,1,644,1001,513,'0000-00-00 00:00:00','0000-00-00 00:00:00','0000-00-00 00:00:00','0000-00-00 00:00:00',0),(2,251,NULL,'mysqldump.sql',4982,16,1024,9223372036854775807,1,644,1001,513,'0000-00-00 00:00:00','0000-00-00 00:00:00','0000-00-00 00:00:00','0000-00-00 00:00:00',0),(2,253,NULL,'Tut2.js',424,16,1024,5895895692092721832,1,644,1001,513,'0000-00-00 00:00:00','0000-00-00 00:00:00','0000-00-00 00:00:00','0000-00-00 00:00:00',0),(2,253,NULL,'Tut3.js',451,16,1024,5896177979598838631,1,644,1001,513,'0000-00-00 00:00:00','0000-00-00 00:00:00','0000-00-00 00:00:00','0000-00-00 00:00:00',0),(2,253,NULL,'Tut4.js',434,16,1024,5896460267104955430,1,644,1001,513,'0000-00-00 00:00:00','0000-00-00 00:00:00','0000-00-00 00:00:00','0000-00-00 00:00:00',0),(2,253,NULL,'Tut5.js',271,16,1024,5896742554611072229,1,644,1001,513,'0000-00-00 00:00:00','0000-00-00 00:00:00','0000-00-00 00:00:00','0000-00-00 00:00:00',0),(2,253,NULL,'Tutorat.txt',912,16,1024,9223372036854775807,1,644,1001,513,'0000-00-00 00:00:00','0000-00-00 00:00:00','0000-00-00 00:00:00','0000-00-00 00:00:00',0),(2,254,NULL,'ProgServeur1113.zip',1828694,1792,1024,9223372036854775807,1,644,1001,513,'0000-00-00 00:00:00','0000-00-00 00:00:00','0000-00-00 00:00:00','0000-00-00 00:00:00',0),(2,254,NULL,'ProgServeur1114.zip',1836210,1808,1024,9223372036854775807,1,644,1001,513,'0000-00-00 00:00:00','0000-00-00 00:00:00','0000-00-00 00:00:00','0000-00-00 00:00:00',0),(2,255,NULL,'FileInv.sql',1699,16,1024,6471239655117583862,1,644,1001,513,'0000-00-00 00:00:00','0000-00-00 00:00:00','0000-00-00 00:00:00','0000-00-00 00:00:00',0),(2,255,NULL,'mysqldump.sql',4982,16,1024,4565997809743857079,1,644,1001,513,'0000-00-00 00:00:00','0000-00-00 00:00:00','0000-00-00 00:00:00','0000-00-00 00:00:00',0),(2,255,NULL,'ScanD.sql',10420657,10192,1024,1367336595679206824,1,644,1001,513,'0000-00-00 00:00:00','0000-00-00 00:00:00','0000-00-00 00:00:00','0000-00-00 00:00:00',0),(2,255,NULL,'ScanF.sql',10592,16,1024,1509404675771898794,1,644,1001,513,'0000-00-00 00:00:00','0000-00-00 00:00:00','0000-00-00 00:00:00','0000-00-00 00:00:00',0),(2,255,NULL,'ScanG.sql',200103,208,1024,1580438715818244779,1,644,1001,513,'0000-00-00 00:00:00','0000-00-00 00:00:00','0000-00-00 00:00:00','0000-00-00 00:00:00',0),(2,255,NULL,'Volume.sql',270,16,1024,9223372036854775807,1,644,1001,513,'0000-00-00 00:00:00','0000-00-00 00:00:00','0000-00-00 00:00:00','0000-00-00 00:00:00',0),(2,256,NULL,'CentOS-7-x86_64-Minimal-1511.iso',632291328,617472,1024,9223372036854775807,1,644,1001,513,'0000-00-00 00:00:00','0000-00-00 00:00:00','0000-00-00 00:00:00','0000-00-00 00:00:00',0),(2,256,NULL,'Git-2.10.2-64-bit.exe',34348536,33552,1024,8499321726355447154,1,755,1001,513,'0000-00-00 00:00:00','0000-00-00 00:00:00','0000-00-00 00:00:00','0000-00-00 00:00:00',0),(2,256,NULL,'gparted-live-0.26.1-5-i686.iso',281018368,274432,1024,9066713693661763032,1,644,1001,513,'0000-00-00 00:00:00','0000-00-00 00:00:00','0000-00-00 00:00:00','0000-00-00 00:00:00',0),(2,256,NULL,'KB3AIK_EN.iso',1789542400,1747600,1024,7947143017637105909,1,644,1001,513,'0000-00-00 00:00:00','0000-00-00 00:00:00','0000-00-00 00:00:00','0000-00-00 00:00:00',0),(2,256,NULL,'lo-oo-ressources-linguistiques-fr-v5.3.oxt',3340204,3264,1024,5529011053611677046,1,644,1001,513,'0000-00-00 00:00:00','0000-00-00 00:00:00','0000-00-00 00:00:00','0000-00-00 00:00:00',0),(2,256,NULL,'msys2-x86_64-20160921.exe',70851442,69200,1024,5018853311989764855,1,755,1001,513,'0000-00-00 00:00:00','0000-00-00 00:00:00','0000-00-00 00:00:00','0000-00-00 00:00:00',0),(2,256,NULL,'mysql-administrator-1.1.10a-linux-i386.tar.gz',24350097,23792,1024,9223372036854775807,1,644,1001,513,'0000-00-00 00:00:00','0000-00-00 00:00:00','0000-00-00 00:00:00','0000-00-00 00:00:00',0),(2,256,NULL,'mysql-installer-community-5.7.16.0.msi',403898368,394432,1024,9223372036854775807,1,644,1001,513,'0000-00-00 00:00:00','0000-00-00 00:00:00','0000-00-00 00:00:00','0000-00-00 00:00:00',0),(2,256,NULL,'mysql-query-browser-1.1.20-win.msi',5383680,5264,1024,7862749514164212788,1,644,1001,513,'0000-00-00 00:00:00','0000-00-00 00:00:00','0000-00-00 00:00:00','0000-00-00 00:00:00',0),(2,256,NULL,'mysql-utilities-1.6.4-winx64.msi',4370432,4272,1024,9223372036854775807,1,644,1001,513,'0000-00-00 00:00:00','0000-00-00 00:00:00','0000-00-00 00:00:00','0000-00-00 00:00:00',0),(2,256,NULL,'mysql-workbench-community-6.3.8-winx64.msi',28016640,27360,1024,9223372036854775807,1,644,1001,513,'0000-00-00 00:00:00','0000-00-00 00:00:00','0000-00-00 00:00:00','0000-00-00 00:00:00',0),(2,256,NULL,'Oracle_VM_VirtualBox_Extension_Pack-5.0.26-108824.vbox-extpack',16425147,16048,1024,9223372036854775807,1,644,1001,513,'0000-00-00 00:00:00','0000-00-00 00:00:00','0000-00-00 00:00:00','0000-00-00 00:00:00',0),(2,256,NULL,'Oracle_VM_VirtualBox_Extension_Pack-5.1.8-111374.vbox-extpack',19457682,19008,1024,2830788765535550567,1,644,1001,513,'0000-00-00 00:00:00','0000-00-00 00:00:00','0000-00-00 00:00:00','0000-00-00 00:00:00',0),(2,256,NULL,'PacketTracer63_linux.tar.gz',188087207,183680,1024,9048554760392083776,1,644,1001,513,'0000-00-00 00:00:00','0000-00-00 00:00:00','0000-00-00 00:00:00','0000-00-00 00:00:00',0),(2,256,NULL,'PacketTracer63_setup.exe',153954864,150352,1024,9223372036854775807,1,755,1001,513,'0000-00-00 00:00:00','0000-00-00 00:00:00','0000-00-00 00:00:00','0000-00-00 00:00:00',0),(2,256,NULL,'QGRUBEditor-2.5.0-src.tar.bz2',190020,192,1024,8156456571907851035,1,644,1001,513,'0000-00-00 00:00:00','0000-00-00 00:00:00','0000-00-00 00:00:00','0000-00-00 00:00:00',0),(2,256,NULL,'Qt_SDK_Win_offline_v1_1_1_en.exe',1606489944,1568848,1024,9223372036854775807,1,755,1001,513,'0000-00-00 00:00:00','0000-00-00 00:00:00','0000-00-00 00:00:00','0000-00-00 00:00:00',0),(2,256,NULL,'ReflectDL.exe',3545552,3472,1024,9223372036854775807,1,755,1001,513,'0000-00-00 00:00:00','0000-00-00 00:00:00','0000-00-00 00:00:00','0000-00-00 00:00:00',0),(2,256,NULL,'setup-x86_64.exe',910336,896,1024,8053032306826772702,1,755,1001,513,'0000-00-00 00:00:00','0000-00-00 00:00:00','0000-00-00 00:00:00','0000-00-00 00:00:00',0),(2,256,NULL,'Snort_2_9_8_3_Installer.exe',3183949,3120,1024,9223372036854775807,1,755,1001,513,'0000-00-00 00:00:00','0000-00-00 00:00:00','0000-00-00 00:00:00','0000-00-00 00:00:00',0),(2,256,NULL,'sqlitebrowser-3.4.0-win32.exe',10033731,9808,1024,9223372036854775807,1,755,1001,513,'0000-00-00 00:00:00','0000-00-00 00:00:00','0000-00-00 00:00:00','0000-00-00 00:00:00',0),(2,256,NULL,'vcxsrv-64.1.18.3.0.installer.exe',46708981,45616,1024,9223372036854775807,1,755,1001,513,'0000-00-00 00:00:00','0000-00-00 00:00:00','0000-00-00 00:00:00','0000-00-00 00:00:00',0),(2,256,NULL,'VirtualBox-5.0.28-111378-Win.exe',113626080,110976,1024,9223372036854775807,1,755,1001,513,'0000-00-00 00:00:00','0000-00-00 00:00:00','0000-00-00 00:00:00','0000-00-00 00:00:00',0),(2,256,NULL,'VirtualBox-5.1.8-111374-Win.exe',122439648,119584,1024,9223372036854775807,1,755,1001,513,'0000-00-00 00:00:00','0000-00-00 00:00:00','0000-00-00 00:00:00','0000-00-00 00:00:00',0),(2,256,NULL,'WebStorm-2016.2.3.exe',181179840,176944,1024,2168003082727207045,1,755,1001,513,'0000-00-00 00:00:00','0000-00-00 00:00:00','0000-00-00 00:00:00','0000-00-00 00:00:00',0),(2,256,NULL,'WebStorm-2016.2.3.tar.gz',215614436,210576,1024,9223372036854775807,1,644,1001,513,'0000-00-00 00:00:00','0000-00-00 00:00:00','0000-00-00 00:00:00','0000-00-00 00:00:00',0),(2,256,NULL,'Win10.txt',29,16,1024,4318313545339335034,1,644,1001,513,'0000-00-00 00:00:00','0000-00-00 00:00:00','0000-00-00 00:00:00','0000-00-00 00:00:00',0),(2,256,NULL,'Win7.txt',29,16,1024,9223372036854775807,1,644,1001,513,'0000-00-00 00:00:00','0000-00-00 00:00:00','0000-00-00 00:00:00','0000-00-00 00:00:00',0),(2,256,NULL,'WinMerge-2.12.4-Setup.exe',3212078,3152,1024,9223372036854775807,1,755,1001,513,'0000-00-00 00:00:00','0000-00-00 00:00:00','0000-00-00 00:00:00','0000-00-00 00:00:00',0),(2,256,NULL,'WinObj.zip',458395,448,1024,7348502629176064753,1,644,1001,513,'0000-00-00 00:00:00','0000-00-00 00:00:00','0000-00-00 00:00:00','0000-00-00 00:00:00',0),(2,256,NULL,'WinServ2008.txt',29,16,1024,145738998656435831,1,644,1001,513,'0000-00-00 00:00:00','0000-00-00 00:00:00','0000-00-00 00:00:00','0000-00-00 00:00:00',0),(2,256,NULL,'Wireshark-win64-2.2.0.exe',48513256,47392,1024,3674046799737273689,1,755,1001,513,'0000-00-00 00:00:00','0000-00-00 00:00:00','0000-00-00 00:00:00','0000-00-00 00:00:00',0),(2,256,NULL,'Xming-6-9-0-31-setup.exe',2204914,2160,1024,2749462758298319229,1,755,1001,513,'0000-00-00 00:00:00','0000-00-00 00:00:00','0000-00-00 00:00:00','0000-00-00 00:00:00',0),(2,257,NULL,'Cisco Packet Tracer 7_0 FAQs.pdf',386609,384,1024,8058041021394914813,1,644,1001,513,'0000-00-00 00:00:00','0000-00-00 00:00:00','0000-00-00 00:00:00','0000-00-00 00:00:00',0),(2,257,NULL,'Open Source Used In Cisco Packet Tracer 7_0.pdf',845324,832,1024,9223372036854775807,1,644,1001,513,'0000-00-00 00:00:00','0000-00-00 00:00:00','0000-00-00 00:00:00','0000-00-00 00:00:00',0),(2,257,NULL,'PacketTracer70_32bit_linux.tar.gz',111858801,109248,1024,9223372036854775807,1,644,1001,513,'0000-00-00 00:00:00','0000-00-00 00:00:00','0000-00-00 00:00:00','0000-00-00 00:00:00',0),(2,257,NULL,'PacketTracer70_32bit_setup.exe',76479608,74688,1024,8042142652920662145,1,755,1001,513,'0000-00-00 00:00:00','0000-00-00 00:00:00','0000-00-00 00:00:00','0000-00-00 00:00:00',0),(2,257,NULL,'PacketTracer70_64bit_linux.tar.gz',106639250,104144,1024,8650932909855604373,1,644,1001,513,'0000-00-00 00:00:00','0000-00-00 00:00:00','0000-00-00 00:00:00','0000-00-00 00:00:00',0),(2,257,NULL,'PacketTracer70_64bit_setup.exe',82276352,80352,1024,9223372036854775807,1,755,1001,513,'0000-00-00 00:00:00','0000-00-00 00:00:00','0000-00-00 00:00:00','0000-00-00 00:00:00',0),(2,258,NULL,'log.txt',4679,16,1024,9223372036854775807,1,644,1001,513,'0000-00-00 00:00:00','0000-00-00 00:00:00','0000-00-00 00:00:00','0000-00-00 00:00:00',0),(2,258,NULL,'PT_Log.exe',5632,16,1024,2035791585032842898,1,755,1001,513,'0000-00-00 00:00:00','0000-00-00 00:00:00','0000-00-00 00:00:00','0000-00-00 00:00:00',0),(2,259,NULL,'Router0.txt',439,16,1024,9223372036854775807,1,644,1001,513,'0000-00-00 00:00:00','0000-00-00 00:00:00','0000-00-00 00:00:00','0000-00-00 00:00:00',0),(2,259,NULL,'Router1.txt',264,16,1024,9223372036854775807,1,644,1001,513,'0000-00-00 00:00:00','0000-00-00 00:00:00','0000-00-00 00:00:00','0000-00-00 00:00:00',0),(2,259,NULL,'Router2.txt',398,16,1024,9223372036854775807,1,644,1001,513,'0000-00-00 00:00:00','0000-00-00 00:00:00','0000-00-00 00:00:00','0000-00-00 00:00:00',0),(2,259,NULL,'Router3.txt',234,16,1024,9223372036854775807,1,644,1001,513,'0000-00-00 00:00:00','0000-00-00 00:00:00','0000-00-00 00:00:00','0000-00-00 00:00:00',0),(2,260,NULL,'pe3x64.zip',146015734,142608,1024,8540926954758476588,1,644,1001,513,'0000-00-00 00:00:00','0000-00-00 00:00:00','0000-00-00 00:00:00','0000-00-00 00:00:00',0),(2,260,NULL,'v6.2.1549_reflect_setup_free_x64.exe',46619192,45536,1024,334559876845529848,1,755,1001,513,'0000-00-00 00:00:00','0000-00-00 00:00:00','0000-00-00 00:00:00','0000-00-00 00:00:00',0),(2,261,NULL,'node-v6.7.0-x64.msi',12582912,12288,1024,9223372036854775807,1,644,1001,513,'0000-00-00 00:00:00','0000-00-00 00:00:00','0000-00-00 00:00:00','0000-00-00 00:00:00',0),(2,261,NULL,'teraterm-4.92.exe',14056840,13728,1024,8386543435065615286,1,755,1001,513,'0000-00-00 00:00:00','0000-00-00 00:00:00','0000-00-00 00:00:00','0000-00-00 00:00:00',0),(2,261,NULL,'vlc-2.2.1-win32.exe',28849904,28176,1024,5242071595687742377,1,755,1001,513,'0000-00-00 00:00:00','0000-00-00 00:00:00','0000-00-00 00:00:00','0000-00-00 00:00:00',0),(2,261,NULL,'WinMerge-2.14.0-Setup.exe',6433055,6288,1024,7843671083156534596,1,755,1001,513,'0000-00-00 00:00:00','0000-00-00 00:00:00','0000-00-00 00:00:00','0000-00-00 00:00:00',0),(2,261,NULL,'Wireshark-win64-2.2.0.exe',48513256,47392,1024,9223372036854775807,1,755,1001,513,'0000-00-00 00:00:00','0000-00-00 00:00:00','0000-00-00 00:00:00','0000-00-00 00:00:00',0),(2,264,NULL,'setup.ini',9207691,8992,1024,8154708269635721234,1,644,1001,513,'0000-00-00 00:00:00','0000-00-00 00:00:00','0000-00-00 00:00:00','0000-00-00 00:00:00',0),(2,266,NULL,'alternatives-1.3.30c-10.tar.bz2',73505,80,1024,4690964749819091080,1,644,1001,513,'0000-00-00 00:00:00','0000-00-00 00:00:00','0000-00-00 00:00:00','0000-00-00 00:00:00',0),(2,267,NULL,'bash-4.3.46-7.tar.xz',1406648,1376,1024,4749232837448095217,1,644,1001,513,'0000-00-00 00:00:00','0000-00-00 00:00:00','0000-00-00 00:00:00','0000-00-00 00:00:00',0),(2,268,NULL,'bzip2-1.0.6-2.tar.bz2',44878,48,1024,7663253804335642250,1,644,1001,513,'0000-00-00 00:00:00','0000-00-00 00:00:00','0000-00-00 00:00:00','0000-00-00 00:00:00',0),(2,269,NULL,'libbz2_1-1.0.6-2.tar.bz2',28944,32,1024,9223372036854775807,1,644,1001,513,'0000-00-00 00:00:00','0000-00-00 00:00:00','0000-00-00 00:00:00','0000-00-00 00:00:00',0),(2,270,NULL,'coreutils-8.25-3.tar.xz',2627416,2576,1024,9223372036854775807,1,644,1001,513,'0000-00-00 00:00:00','0000-00-00 00:00:00','0000-00-00 00:00:00','0000-00-00 00:00:00',0),(2,271,NULL,'cygutils-1.4.15-2.tar.xz',75320,80,1024,9223372036854775807,1,644,1001,513,'0000-00-00 00:00:00','0000-00-00 00:00:00','0000-00-00 00:00:00','0000-00-00 00:00:00',0),(2,272,NULL,'cygwin-2.6.0-1.tar.xz',1961828,1920,1024,9223372036854775807,1,644,1001,513,'0000-00-00 00:00:00','0000-00-00 00:00:00','0000-00-00 00:00:00','0000-00-00 00:00:00',0),(2,273,NULL,'dash-0.5.8-3.tar.xz',75616,80,1024,7570481974634982841,1,644,1001,513,'0000-00-00 00:00:00','0000-00-00 00:00:00','0000-00-00 00:00:00','0000-00-00 00:00:00',0),(2,274,NULL,'editrights-1.03-1.tar.xz',6992,16,1024,9223372036854775807,1,644,1001,513,'0000-00-00 00:00:00','0000-00-00 00:00:00','0000-00-00 00:00:00','0000-00-00 00:00:00',0),(2,275,NULL,'file-5.25-1.tar.xz',404604,400,1024,9223372036854775807,1,644,1001,513,'0000-00-00 00:00:00','0000-00-00 00:00:00','0000-00-00 00:00:00','0000-00-00 00:00:00',0),(2,276,NULL,'findutils-4.6.0-1.tar.xz',629012,624,1024,2225296803438905862,1,644,1001,513,'0000-00-00 00:00:00','0000-00-00 00:00:00','0000-00-00 00:00:00','0000-00-00 00:00:00',0),(2,277,NULL,'gawk-4.1.4-1.tar.xz',1045928,1024,1024,9223372036854775807,1,644,1001,513,'0000-00-00 00:00:00','0000-00-00 00:00:00','0000-00-00 00:00:00','0000-00-00 00:00:00',0),(2,278,NULL,'getent-2.18.90-4.tar.xz',17404,32,1024,9223372036854775807,1,644,1001,513,'0000-00-00 00:00:00','0000-00-00 00:00:00','0000-00-00 00:00:00','0000-00-00 00:00:00',0),(2,279,NULL,'grep-2.25-1.tar.xz',344328,352,1024,9130242723298883759,1,644,1001,513,'0000-00-00 00:00:00','0000-00-00 00:00:00','0000-00-00 00:00:00','0000-00-00 00:00:00',0),(2,280,NULL,'groff-1.22.3-1.tar.xz',2613848,2560,1024,9223372036854775807,1,644,1001,513,'0000-00-00 00:00:00','0000-00-00 00:00:00','0000-00-00 00:00:00','0000-00-00 00:00:00',0),(2,281,NULL,'gzip-1.8-1.tar.xz',130748,128,1024,9223372036854775807,1,644,1001,513,'0000-00-00 00:00:00','0000-00-00 00:00:00','0000-00-00 00:00:00','0000-00-00 00:00:00',0),(2,282,NULL,'hostname-3.13-1.tar.bz2',14024,16,1024,7141345805342649451,1,644,1001,513,'0000-00-00 00:00:00','0000-00-00 00:00:00','0000-00-00 00:00:00','0000-00-00 00:00:00',0),(2,284,NULL,'info-6.3-1.tar.xz',456900,448,1024,9223372036854775807,1,644,1001,513,'0000-00-00 00:00:00','0000-00-00 00:00:00','0000-00-00 00:00:00','0000-00-00 00:00:00',0),(2,285,NULL,'ipc-utils-1.0-2.tar.bz2',13046,16,1024,1800927983431671964,1,644,1001,513,'0000-00-00 00:00:00','0000-00-00 00:00:00','0000-00-00 00:00:00','0000-00-00 00:00:00',0),(2,286,NULL,'less-481-1.tar.xz',110276,112,1024,2111123336383952783,1,644,1001,513,'0000-00-00 00:00:00','0000-00-00 00:00:00','0000-00-00 00:00:00','0000-00-00 00:00:00',0),(2,287,NULL,'libargp-20110921-3.tar.xz',17800,32,1024,9223372036854775807,1,644,1001,513,'0000-00-00 00:00:00','0000-00-00 00:00:00','0000-00-00 00:00:00','0000-00-00 00:00:00',0),(2,289,NULL,'libattr1-2.4.46-1.tar.bz2',6842,16,1024,9223372036854775807,1,644,1001,513,'0000-00-00 00:00:00','0000-00-00 00:00:00','0000-00-00 00:00:00','0000-00-00 00:00:00',0),(2,290,NULL,'util-linux-2.25.2-2.tar.xz',1190420,1168,1024,9223372036854775807,1,644,1001,513,'0000-00-00 00:00:00','0000-00-00 00:00:00','0000-00-00 00:00:00','0000-00-00 00:00:00',0),(2,291,NULL,'libblkid1-2.25.2-2.tar.xz',76656,80,1024,3012464902969621535,1,644,1001,513,'0000-00-00 00:00:00','0000-00-00 00:00:00','0000-00-00 00:00:00','0000-00-00 00:00:00',0),(2,292,NULL,'libsmartcols1-2.25.2-2.tar.xz',36932,48,1024,2081242120466208351,1,644,1001,513,'0000-00-00 00:00:00','0000-00-00 00:00:00','0000-00-00 00:00:00','0000-00-00 00:00:00',0),(2,293,NULL,'libuuid1-2.25.2-2.tar.xz',5572,16,1024,9223372036854775807,1,644,1001,513,'0000-00-00 00:00:00','0000-00-00 00:00:00','0000-00-00 00:00:00','0000-00-00 00:00:00',0),(2,295,NULL,'libffi6-3.2.1-2.tar.xz',61516,64,1024,3320748981624408577,1,644,1001,513,'0000-00-00 00:00:00','0000-00-00 00:00:00','0000-00-00 00:00:00','0000-00-00 00:00:00',0),(2,297,NULL,'libgcc1-5.4.0-1.tar.xz',27412,32,1024,5853047162301996206,1,644,1001,513,'0000-00-00 00:00:00','0000-00-00 00:00:00','0000-00-00 00:00:00','0000-00-00 00:00:00',0),(2,298,NULL,'libssp0-5.4.0-1.tar.xz',3592,16,1024,9223372036854775807,1,644,1001,513,'0000-00-00 00:00:00','0000-00-00 00:00:00','0000-00-00 00:00:00','0000-00-00 00:00:00',0),(2,299,NULL,'libstdc++6-5.4.0-1.tar.xz',280264,288,1024,3624720838126393108,1,644,1001,513,'0000-00-00 00:00:00','0000-00-00 00:00:00','0000-00-00 00:00:00','0000-00-00 00:00:00',0),(2,301,NULL,'libgdbm4-1.12-1.tar.xz',19244,32,1024,9223372036854775807,1,644,1001,513,'0000-00-00 00:00:00','0000-00-00 00:00:00','0000-00-00 00:00:00','0000-00-00 00:00:00',0),(2,303,NULL,'libgmp10-6.1.1-1.tar.xz',223756,224,1024,2971163699781690706,1,644,1001,513,'0000-00-00 00:00:00','0000-00-00 00:00:00','0000-00-00 00:00:00','0000-00-00 00:00:00',0),(2,304,NULL,'libiconv-1.14-3.tar.xz',100544,112,1024,9223372036854775807,1,644,1001,513,'0000-00-00 00:00:00','0000-00-00 00:00:00','0000-00-00 00:00:00','0000-00-00 00:00:00',0),(2,305,NULL,'libiconv2-1.14-3.tar.xz',541304,544,1024,4628782497000529104,1,644,1001,513,'0000-00-00 00:00:00','0000-00-00 00:00:00','0000-00-00 00:00:00','0000-00-00 00:00:00',0),(2,307,NULL,'libintl8-0.19.8.1-2.tar.xz',17252,32,1024,4006631262409491009,1,644,1001,513,'0000-00-00 00:00:00','0000-00-00 00:00:00','0000-00-00 00:00:00','0000-00-00 00:00:00',0),(2,308,NULL,'xz-5.2.2-1.tar.xz',238484,240,1024,8181325270249576895,1,644,1001,513,'0000-00-00 00:00:00','0000-00-00 00:00:00','0000-00-00 00:00:00','0000-00-00 00:00:00',0),(2,309,NULL,'liblzma5-5.2.2-1.tar.xz',66832,80,1024,9223372036854775807,1,644,1001,513,'0000-00-00 00:00:00','0000-00-00 00:00:00','0000-00-00 00:00:00','0000-00-00 00:00:00',0),(2,311,NULL,'libmpfr4-3.1.5-1.tar.xz',145160,144,1024,9223372036854775807,1,644,1001,513,'0000-00-00 00:00:00','0000-00-00 00:00:00','0000-00-00 00:00:00','0000-00-00 00:00:00',0),(2,312,NULL,'ncurses-6.0-8.20160917.tar.xz',267872,272,1024,9223372036854775807,1,644,1001,513,'0000-00-00 00:00:00','0000-00-00 00:00:00','0000-00-00 00:00:00','0000-00-00 00:00:00',0),(2,313,NULL,'libncursesw10-6.0-8.20160917.tar.xz',175656,176,1024,1121631836697973160,1,644,1001,513,'0000-00-00 00:00:00','0000-00-00 00:00:00','0000-00-00 00:00:00','0000-00-00 00:00:00',0),(2,314,NULL,'terminfo-6.0-8.20160917.tar.xz',66320,80,1024,9223372036854775807,1,644,1001,513,'0000-00-00 00:00:00','0000-00-00 00:00:00','0000-00-00 00:00:00','0000-00-00 00:00:00',0),(2,315,NULL,'openssl-1.0.2j-1.tar.xz',585228,576,1024,9223372036854775807,1,644,1001,513,'0000-00-00 00:00:00','0000-00-00 00:00:00','0000-00-00 00:00:00','0000-00-00 00:00:00',0),(2,316,NULL,'libopenssl100-1.0.2j-1.tar.xz',1045744,1024,1024,9223372036854775807,1,644,1001,513,'0000-00-00 00:00:00','0000-00-00 00:00:00','0000-00-00 00:00:00','0000-00-00 00:00:00',0),(2,317,NULL,'p11-kit-0.22.1-1.tar.xz',73440,80,1024,7976798180707009511,1,644,1001,513,'0000-00-00 00:00:00','0000-00-00 00:00:00','0000-00-00 00:00:00','0000-00-00 00:00:00',0),(2,318,NULL,'libp11-kit0-0.22.1-1.tar.xz',87564,96,1024,4189207952596098250,1,644,1001,513,'0000-00-00 00:00:00','0000-00-00 00:00:00','0000-00-00 00:00:00','0000-00-00 00:00:00',0),(2,319,NULL,'p11-kit-trust-0.22.1-1.tar.xz',64664,64,1024,9223372036854775807,1,644,1001,513,'0000-00-00 00:00:00','0000-00-00 00:00:00','0000-00-00 00:00:00','0000-00-00 00:00:00',0),(2,321,NULL,'libpcre1-8.39-1.tar.xz',146484,144,1024,2156666406106097064,1,644,1001,513,'0000-00-00 00:00:00','0000-00-00 00:00:00','0000-00-00 00:00:00','0000-00-00 00:00:00',0),(2,323,NULL,'libpipeline1-1.4.0-1.tar.xz',15816,16,1024,9223372036854775807,1,644,1001,513,'0000-00-00 00:00:00','0000-00-00 00:00:00','0000-00-00 00:00:00','0000-00-00 00:00:00',0),(2,325,NULL,'libpopt-common-1.16-2.tar.xz',19024,32,1024,9223372036854775807,1,644,1001,513,'0000-00-00 00:00:00','0000-00-00 00:00:00','0000-00-00 00:00:00','0000-00-00 00:00:00',0),(2,326,NULL,'libpopt0-1.16-2.tar.xz',18336,32,1024,6646884048176228542,1,644,1001,513,'0000-00-00 00:00:00','0000-00-00 00:00:00','0000-00-00 00:00:00','0000-00-00 00:00:00',0),(2,328,NULL,'libreadline7-6.3.8-1.tar.xz',89916,96,1024,5738697987676905597,1,644,1001,513,'0000-00-00 00:00:00','0000-00-00 00:00:00','0000-00-00 00:00:00','0000-00-00 00:00:00',0),(2,330,NULL,'libtasn1_6-4.9-1.tar.xz',28812,32,1024,6600671752079270953,1,644,1001,513,'0000-00-00 00:00:00','0000-00-00 00:00:00','0000-00-00 00:00:00','0000-00-00 00:00:00',0),(2,331,NULL,'login-1.11-1.tar.xz',16772,32,1024,9223372036854775807,1,644,1001,513,'0000-00-00 00:00:00','0000-00-00 00:00:00','0000-00-00 00:00:00','0000-00-00 00:00:00',0),(2,332,NULL,'man-db-2.7.5-2.tar.xz',761368,752,1024,9223372036854775807,1,644,1001,513,'0000-00-00 00:00:00','0000-00-00 00:00:00','0000-00-00 00:00:00','0000-00-00 00:00:00',0),(2,333,NULL,'mintty-2.7.0-0.tar.xz',189972,192,1024,4627784323883568320,1,644,1001,513,'0000-00-00 00:00:00','0000-00-00 00:00:00','0000-00-00 00:00:00','0000-00-00 00:00:00',0),(2,334,NULL,'rebase-4.4.2-1.tar.xz',228124,224,1024,303805231823031934,1,644,1001,513,'0000-00-00 00:00:00','0000-00-00 00:00:00','0000-00-00 00:00:00','0000-00-00 00:00:00',0),(2,335,NULL,'run-1.3.4-2.tar.xz',34492,48,1024,3476442247320288353,1,644,1001,513,'0000-00-00 00:00:00','0000-00-00 00:00:00','0000-00-00 00:00:00','0000-00-00 00:00:00',0),(2,336,NULL,'sed-4.2.2-3.tar.bz2',262417,272,1024,9223372036854775807,1,644,1001,513,'0000-00-00 00:00:00','0000-00-00 00:00:00','0000-00-00 00:00:00','0000-00-00 00:00:00',0),(2,337,NULL,'tar-1.28-1.tar.xz',828908,816,1024,9223372036854775807,1,644,1001,513,'0000-00-00 00:00:00','0000-00-00 00:00:00','0000-00-00 00:00:00','0000-00-00 00:00:00',0),(2,339,NULL,'vim-minimal-7.4.2367-1.tar.xz',480828,480,1024,7817424076474862237,1,644,1001,513,'0000-00-00 00:00:00','0000-00-00 00:00:00','0000-00-00 00:00:00','0000-00-00 00:00:00',0),(2,340,NULL,'which-2.20-2.tar.bz2',31847,32,1024,9223372036854775807,1,644,1001,513,'0000-00-00 00:00:00','0000-00-00 00:00:00','0000-00-00 00:00:00','0000-00-00 00:00:00',0),(2,342,NULL,'zlib0-1.2.8-3.tar.xz',38820,48,1024,160102071997888878,1,644,1001,513,'0000-00-00 00:00:00','0000-00-00 00:00:00','0000-00-00 00:00:00','0000-00-00 00:00:00',0),(2,343,NULL,'bc-1.06.95-2.tar.xz',108628,112,1024,636733670579136404,1,644,1001,513,'0000-00-00 00:00:00','0000-00-00 00:00:00','0000-00-00 00:00:00','0000-00-00 00:00:00',0),(2,346,NULL,'_autorebase-001004-1.tar.xz',4212,16,1024,9223372036854775807,1,644,1001,513,'0000-00-00 00:00:00','0000-00-00 00:00:00','0000-00-00 00:00:00','0000-00-00 00:00:00',0),(2,347,NULL,'base-cygwin-3.8-1.tar.xz',1248,16,1024,9223372036854775807,1,644,1001,513,'0000-00-00 00:00:00','0000-00-00 00:00:00','0000-00-00 00:00:00','0000-00-00 00:00:00',0),(2,348,NULL,'base-files-4.2-4.tar.xz',44664,48,1024,9223372036854775807,1,644,1001,513,'0000-00-00 00:00:00','0000-00-00 00:00:00','0000-00-00 00:00:00','0000-00-00 00:00:00',0),(2,349,NULL,'ca-certificates-2.10-1.tar.xz',372252,368,1024,5531995760837709281,1,644,1001,513,'0000-00-00 00:00:00','0000-00-00 00:00:00','0000-00-00 00:00:00','0000-00-00 00:00:00',0),(2,350,NULL,'tzdata-2016i-1.tar.xz',173060,176,1024,9223372036854775807,1,644,1001,513,'0000-00-00 00:00:00','0000-00-00 00:00:00','0000-00-00 00:00:00','0000-00-00 00:00:00',0);
/*!40000 ALTER TABLE `FileEntry` ENABLE KEYS */;
UNLOCK TABLES;

--
-- Table structure for table `FileInfo`
--

DROP TABLE IF EXISTS `FileInfo`;
/*!40101 SET @saved_cs_client     = @@character_set_client */;
/*!40101 SET character_set_client = utf8 */;
CREATE TABLE `FileInfo` (
  `Cksum` int(11) NOT NULL,
  `Keyword` varchar(32) DEFAULT NULL,
  `Info` varchar(255) DEFAULT NULL,
  PRIMARY KEY (`Cksum`)
) ENGINE=InnoDB DEFAULT CHARSET=latin1;
/*!40101 SET character_set_client = @saved_cs_client */;

--
-- Dumping data for table `FileInfo`
--

LOCK TABLES `FileInfo` WRITE;
/*!40000 ALTER TABLE `FileInfo` DISABLE KEYS */;
INSERT INTO `FileInfo` VALUES (0,'Unused','Unused'),(230775901,'Data','Data');
/*!40000 ALTER TABLE `FileInfo` ENABLE KEYS */;
UNLOCK TABLES;

--
-- Table structure for table `Volume`
--

DROP TABLE IF EXISTS `Volume`;
/*!40101 SET @saved_cs_client     = @@character_set_client */;
/*!40101 SET character_set_client = utf8 */;
CREATE TABLE `Volume` (
  `VolId` int(11) NOT NULL AUTO_INCREMENT,
  `KbSize` int(11) DEFAULT NULL,
  `KbFree` int(11) DEFAULT NULL,
  `Label` varchar(64) DEFAULT NULL,
  PRIMARY KEY (`VolId`)
) ENGINE=InnoDB AUTO_INCREMENT=3 DEFAULT CHARSET=latin1;
/*!40101 SET character_set_client = @saved_cs_client */;

--
-- Dumping data for table `Volume`
--

LOCK TABLES `Volume` WRITE;
/*!40000 ALTER TABLE `Volume` DISABLE KEYS */;
INSERT INTO `Volume` VALUES (1,8372236,1240908,'CENTOSPUB'),(2,23035904,8282704,'PK22G');
/*!40000 ALTER TABLE `Volume` ENABLE KEYS */;
UNLOCK TABLES;
/*!40103 SET TIME_ZONE=@OLD_TIME_ZONE */;

/*!40101 SET SQL_MODE=@OLD_SQL_MODE */;
/*!40014 SET FOREIGN_KEY_CHECKS=@OLD_FOREIGN_KEY_CHECKS */;
/*!40014 SET UNIQUE_CHECKS=@OLD_UNIQUE_CHECKS */;
/*!40101 SET CHARACTER_SET_CLIENT=@OLD_CHARACTER_SET_CLIENT */;
/*!40101 SET CHARACTER_SET_RESULTS=@OLD_CHARACTER_SET_RESULTS */;
/*!40101 SET COLLATION_CONNECTION=@OLD_COLLATION_CONNECTION */;
/*!40111 SET SQL_NOTES=@OLD_SQL_NOTES */;

-- Dump completed on 2016-11-29 10:03:54
